hub,degree_centrality,betweenness,pagerank,clustering
IND000000AAL,0.001349527665317139,0.0,0.0005849236505290598,0.0
IND411033AAA,0.02834008097165992,0.038914007873805244,0.007015959428546708,0.05665024630541872
IND000000AAS,0.001349527665317139,3.644909291876135e-06,0.0003768913014107839,0.0
IND783370AAC,0.001349527665317139,4.100522953360652e-06,0.0004669179723135894,0.0
IND000000ABA,0.001349527665317139,0.0004191645685657555,0.0004135664358524006,1.0
IND683565AAA,0.001349527665317139,0.0004082298406901271,0.0004977631412212178,1.0
IND000000ABD,0.001349527665317139,0.0004082298406901271,0.0006055524219635664,0.0
IND562132AAA,0.047908232118758436,0.11093130676286402,0.010388202337204989,0.050170068027210885
IND000000ABG,0.0006747638326585695,0.0,0.000146482914698331,0.0
IND501359AAF,0.0020242914979757085,0.0,0.0006259642734018659,0.0
IND000000ACA,0.012145748987854251,0.0065877179314046295,0.002929700236170137,0.10989010989010989
IND140406AAA,0.001349527665317139,0.0004191645685657555,0.000410439534496137,1.0
IND142001AAB,0.0020242914979757085,0.0004118747499820032,0.0006802206090845253,1.0
IND142401AAA,0.0020242914979757085,0.0,0.0006502472468520474,1.0
IND143001AAA,0.002699055330634278,0.0,0.0009800999969552377,1.0
IND144001AAB,0.006072874493927126,0.0020516283176647792,0.002207110516289373,0.3
IND144514AAA,0.001349527665317139,0.000418708954904271,0.00042344076375395263,1.0
IND147301AAA,0.0006747638326585695,0.0,0.00047365225509811426,0.0
IND152026AAA,0.004048582995951417,0.0008433408874078407,0.0009509576411974947,0.4
IND160002AAC,0.03711201079622132,0.04514664951357355,0.009242791305952392,0.03414634146341464
IND000000ACB,0.06207827260458839,0.18931271502439753,0.01221058843222295,0.03682057276446522
IND000000AEL,0.001349527665317139,0.0,0.0003887486449278101,0.0
IND110024AAA,0.002699055330634278,0.00042007579588872456,0.0026463613215859353,0.3333333333333333
IND110030AAD,0.0020242914979757085,0.0,0.00039792106031699367,1.0
IND110037AAK,0.001349527665317139,0.0,0.0003710741526559364,0.0
IND110043AAA,0.002699055330634278,0.0008273944092558824,0.0006553510524064329,0.0
IND110043AAC,0.001349527665317139,0.0,0.0003635453369871843,0.0
IND110052AAA,0.001349527665317139,0.0,0.00030391037247556364,0.0
IND110064AAA,0.001349527665317139,0.0,0.00033492017927043535,0.0
IND110085AAB,0.004723346828609986,0.0016657235463873935,0.0007838635870577997,0.1
IND110092AAC,0.001349527665317139,0.0,0.00032582748733174456,0.0
IND110095AAB,0.001349527665317139,0.0,0.0004091992270259014,0.0
IND121002AAB,0.001349527665317139,0.0,0.00034838345061830825,0.0
IND121004AAB,0.009446693657219972,0.004194103021562525,0.0024342471553688,0.07142857142857142
IND122001AAA,0.002699055330634278,0.0016547888185117648,0.0005595083069105964,0.0
IND122015AAC,0.0006747638326585695,0.0,0.0003775071410339045,0.0
IND124103AAA,0.001349527665317139,0.0,0.00038187773005937827,1.0
IND124112AAA,0.002699055330634278,0.0,0.0003786819041412654,0.5
IND125001AAA,0.008097165991902834,0.004465173623846033,0.0015330165118201827,0.05555555555555555
IND125005AAA,0.005398110661268556,0.005459136856841099,0.0010050718478863787,0.047619047619047616
IND125033AAA,0.001349527665317139,0.0,0.0004706329650511398,1.0
IND127021AAA,0.0020242914979757085,0.0012451921368371844,0.0006905345841387974,0.3333333333333333
IND131028AAB,0.024291497975708502,0.044809418383670356,0.0068591457729835536,0.03968253968253968
IND201001AAC,0.002699055330634278,7.626674906543948e-05,0.0005097359465095326,1.0
IND201007AAA,0.006072874493927126,0.0012620498423121117,0.0027953752959929148,0.26666666666666666
IND201301AAF,0.0067476383265856945,0.0008478970240226859,0.0025113319462220945,0.1111111111111111
IND201301AAM,0.001349527665317139,0.0,0.0004009890997946989,0.0
IND209304AAA,0.019568151147098516,0.03352439366731841,0.006021712831117044,0.03463203463203463
IND282002AAD,0.0067476383265856945,0.0035692188713494413,0.0012508303399348499,0.25
IND301001AAB,0.004723346828609986,0.0033009209774553247,0.0014656356356330961,0.3
IND302014AAA,0.01147098515519568,0.037061673243807484,0.0035822859515935858,0.06593406593406594
IND302022AAD,0.001349527665317139,0.0,0.000352073892707651,0.0
IND328001AAA,0.0033738191632928472,0.0008173709087032232,0.0003558497889329504,0.5
IND382430AAB,0.018893387314439944,0.030045776761565474,0.0039110841892993275,0.036231884057971016
IND390022AAA,0.004723346828609986,0.003429592784225151,0.0010586472929401678,0.3
IND421302AAG,0.03643724696356275,0.05476126236577052,0.0067760176259960715,0.06722689075630252
IND462022AAA,0.013495276653171389,0.023731862929449322,0.004652203403675292,0.0661764705882353
IND474003AAA,0.0067476383265856945,0.005936214260959276,0.0015126855146615436,0.1111111111111111
IND501359AAE,0.03778677462887989,0.0803811997705217,0.011313797135394174,0.04358974358974359
IND521225AAB,0.008097165991902834,0.010339947021243452,0.0020427889062305405,0.10909090909090909
IND600056AAB,0.02294197031039136,0.036193097329195,0.004979319300375095,0.05533596837944664
IND712311AAA,0.027665317139001347,0.06293093866740043,0.0069543180306562615,0.04433497536945813
IND751002AAB,0.010121457489878543,0.01234519904180411,0.0020085073651067375,0.12121212121212122
IND821115AAB,0.0067476383265856945,0.008005559441289205,0.0023407530265856426,0.1111111111111111
IND834002AAB,0.008097165991902834,0.007337488790276731,0.001836931019489887,0.15555555555555556
IND842001AAA,0.016194331983805668,0.02365887840673725,0.005980819374208852,0.047619047619047616
IND000000ACK,0.0006747638326585695,0.0,0.000146482914698331,0.0
IND000000ACN,0.001349527665317139,4.5561366148451686e-07,0.00027101940069387207,0.0
IND000000ACT,0.0020242914979757085,0.0,0.000146482914698331,1.0
IND000000ADV,0.0006747638326585695,0.0,0.000146482914698331,0.0
IND600044AAC,0.0020242914979757085,0.0,0.0005200923726849543,0.0
IND000000AEM,0.001349527665317139,0.0,0.000146482914698331,0.0
IND110037AAB,0.0006747638326585695,0.0,0.00022080855897401203,0.0
IND110064AAB,0.0006747638326585695,0.0,0.000196693756418191,0.0
IND000000AET,0.001349527665317139,2.2780683074225845e-06,0.00027101940069387207,0.0
IND000000AFG,0.0006747638326585695,0.0,0.000146482914698331,0.0
IND673632AAA,0.004048582995951417,0.002467603590600143,0.0009500152990601556,0.06666666666666667
IND000000AFJ,0.0006747638326585695,0.0,0.000146482914698331,0.0
IND695121AAA,0.001349527665317139,9.112273229690337e-07,0.00027101940069387207,0.0
IND000000AFR,0.0006747638326585695,0.0,0.000146482914698331,0.0
IND683511AAA,0.01282051282051282,0.01954855975965468,0.0030245382062643877,0.029411764705882353
IND000000AFT,0.006072874493927126,0.002479905159460225,0.001232422110232723,0.06666666666666667
IND400072AAB,0.01147098515519568,0.0037217256565847366,0.0022237775427060217,0.10606060606060606
IND410206AAA,0.0020242914979757085,0.00040868545435161156,0.0005306576479880827,0.0
IND410209AAA,0.0006747638326585695,0.0,0.00031253018384380345,0.0
IND410210AAA,0.0006747638326585695,0.0,0.00036257316987957475,0.0
IND110014AAA,0.001349527665317139,0.0,0.002372077980836725,0.0
IND110020AAB,0.001349527665317139,0.0,0.0005104462098450523,0.0
IND110037AAM,0.02834008097165992,0.03161951816812846,0.006123653256472657,0.07142857142857142
IND110035AAC,0.001349527665317139,0.0,0.0004108318227071823,0.0
IND201301AAD,0.001349527665317139,0.0,0.0004572887015075784,0.0
IND202001AAB,0.004048582995951417,0.0023976343497293063,0.0007081388974756197,0.3
IND226004AAC,0.0006747638326585695,0.0,0.00032978940475873866,0.0
IND250002AAC,0.0006747638326585695,0.0,0.0007525684134273885,0.0
IND282001AAA,0.002699055330634278,0.0,0.0007761695443574256,1.0
IND282001AAC,0.001349527665317139,0.0,0.0003439491137052385,1.0
IND781018AAB,0.019568151147098516,0.029936684224536717,0.005095740001232164,0.01904761904761905
IND811399AAA,0.0020242914979757085,0.000418708954904271,0.00034286144578113696,0.6666666666666666
IND110039AAA,0.001349527665317139,0.0,0.00025523170857755055,0.0
IND110078AAA,0.001349527665317139,0.0,0.00032308104327999647,0.0
IND110044AAB,0.005398110661268556,0.0006213051630443862,0.00039175044063701576,0.35714285714285715
IND110083AAA,0.0006747638326585695,0.0,0.00037047509040858046,0.0
IND110087AAA,0.0006747638326585695,0.0,0.0002805974322119094,0.0
IND121001AAA,0.001349527665317139,0.0,0.0004410560108872577,0.0
IND121004AAA,0.001349527665317139,0.0,0.0004617174787919844,0.0
IND121004AAC,0.001349527665317139,0.0,0.0005171040733971664,0.0
IND121102AAA,0.001349527665317139,0.0,0.0004938980307443235,0.0
IND122001AAD,0.001349527665317139,0.00042007579588872456,0.000451192768257305,0.0
IND122050AAA,0.0006747638326585695,0.0,0.0005301185457475204,0.0
IND122001AAJ,0.001349527665317139,0.0012451921368371846,0.000630636082815043,0.0
IND507123AAA,0.001349527665317139,0.0012342574089615561,0.0006823970689752943,0.0
IND122002AAD,0.0006747638326585695,0.0,0.000146482914698331,0.0
IND122503AAA,0.001349527665317139,0.00040914106801309593,0.00027101940069387207,0.0
IND122004AAA,0.0006747638326585695,0.0,0.000146482914698331,0.0
IND122413AAE,0.0006747638326585695,0.0,0.00027101940069387207,0.0
IND123001AAA,0.001349527665317139,0.00041005229533606495,0.0002004461088444551,0.0
IND123401AAB,0.0020242914979757085,0.0008191933633491609,0.0003168950000199237,0.0
IND123106AAB,0.0006747638326585695,0.0,0.00027365093611878975,0.0
IND124001AAB,0.001349527665317139,0.001256126864712813,0.00041777121766321205,0.0
IND126102AAA,0.001349527665317139,0.0012451921368371846,0.0005017482868866456,0.0
IND124141AAA,0.001349527665317139,0.0012233226810859272,0.00077054242938139,0.0
IND124507AAA,0.0020242914979757085,0.00041962018222724,0.0004846131295104121,0.0
IND131028AAE,0.0006747638326585695,0.0,0.0003590222324503928,0.0
IND125047AAB,0.0020242914979757085,0.00042007579588872456,0.0005352064961211729,0.0
IND335513AAA,0.004048582995951417,0.004956621023290059,0.001301635736033427,0.06666666666666667
IND335523AAB,0.0020242914979757085,6.560836725377042e-06,0.000633876145323974,0.0
IND335524AAA,0.001349527665317139,0.0,0.00046113730363791464,0.0
IND125051AAA,0.0006747638326585695,0.0,0.0006016005138326674,0.0
IND125104AAA,0.001349527665317139,0.0028412067930174475,0.0006260981798311967,0.0
IND125121AAA,0.0006747638326585695,0.0,0.000146482914698331,0.0
IND126116AAA,0.001349527665317139,0.0012342574089615561,0.0005731690187947325,0.0
IND126112AAA,0.0006747638326585695,0.0,0.000146482914698331,0.0
IND131301AAA,0.001349527665317139,0.0012233226810859277,0.0006338965572709827,0.0
IND127201AAA,0.001349527665317139,0.0012342574089615557,0.0007337738751312598,0.0
IND131021AAA,0.0006747638326585695,0.0,0.000146482914698331,0.0
IND131028AAA,0.0006747638326585695,0.0,0.00027101940069387207,0.0
IND132103AAA,0.0020242914979757085,0.0008378735234700265,0.0007926917155317808,1.0
IND136118AAA,0.001349527665317139,0.0012602273876661735,0.0004648717201331667,0.0
IND201204AAA,0.001349527665317139,0.0004191645685657555,0.0004920701894625613,1.0
IND244001AAA,0.001349527665317139,0.0037396769334649142,0.00043955488038241377,1.0
IND244235AAA,0.001349527665317139,0.007009160568277807,0.00040408223240063915,0.0
IND247667AAA,0.001349527665317139,0.0,0.0004389130276540172,1.0
IND247667AAB,0.0006747638326585695,0.0,0.00044425396113655503,0.0
IND248001AAA,0.002699055330634278,0.0012249173289011236,0.0008241717469873872,0.0
IND248001AAD,0.0020242914979757085,0.00040754642019790035,0.0006669955414415641,0.0
IND249407AAA,0.004723346828609986,0.003719174318698111,0.0020857627423312795,0.16666666666666666
IND250611AAA,0.001349527665317139,0.0008378735234700265,0.0007325640808497301,0.0
IND251001AAA,0.001349527665317139,0.0004191645685657555,0.00045479944960550385,0.0
IND132001AAA,0.0020242914979757085,0.0004191645685657555,0.0004226852667860465,0.6666666666666666
IND132103AAB,0.001349527665317139,0.0,0.00039463866166966437,1.0
IND133004AAA,0.0006747638326585695,0.0,0.000146482914698331,0.0
IND135001AAA,0.001349527665317139,0.00040959668167458063,0.00027101940069387207,0.0
IND134102AAA,0.0006747638326585695,0.0,0.000146482914698331,0.0
IND174103AAA,0.001349527665317139,0.00040914106801309615,0.00027101940069387207,0.0
IND134109AAA,0.0006747638326585695,0.0,0.000146482914698331,0.0
IND134203AAA,0.0020242914979757085,0.0004191645685657555,0.0004751443491280298,1.0
IND140501AAA,0.001349527665317139,0.0,0.00026750350964938367,1.0
IND173025AAA,0.001349527665317139,0.0008182821360261923,0.0003768913014107839,0.0
IND136027AAA,0.001349527665317139,0.0004209870232116936,0.0006072463417438037,0.0
IND132039AAA,0.0006747638326585695,0.0,0.0006628870266987537,0.0
IND136128AAA,0.001349527665317139,0.0008410628191004181,0.0005418069490377353,0.0
IND140001AAA,0.001349527665317139,0.0004191645685657555,0.0003182552242019437,0.0
IND140118AAA,0.001349527665317139,0.0004082298406901271,0.0004171850334204403,0.0
IND140301AAA,0.0020242914979757085,0.0008378735234700265,0.0004196244053465643,0.3333333333333333
IND140901AAA,0.002699055330634278,0.00040731861336715805,0.0006078146863693051,0.6666666666666666
IND140401AAA,0.0020242914979757085,0.0004082298406901271,0.000495679752852003,0.6666666666666666
IND160055AAA,0.0020242914979757085,0.0,0.0006262895731293742,1.0
IND141003AAB,0.001349527665317139,0.0,0.000146482914698331,0.0
IND142026AAA,0.001349527665317139,4.5561366148451686e-07,0.00020561656259513372,0.0
IND141109AAA,0.001349527665317139,0.00040914106801309615,0.0003212905453235935,0.0
IND141115AAA,0.0020242914979757085,0.0008169152950417387,0.0006312819236020574,0.3333333333333333
IND144001AAA,0.0006747638326585695,0.0,0.000146482914698331,0.0
IND144040AAA,0.001349527665317139,0.00040914106801309615,0.00027101940069387207,0.0
IND144401AAB,0.001349527665317139,0.0,0.0004696126170132661,0.0
IND144001AAC,0.001349527665317139,0.0,0.000146482914698331,1.0
IND144527AAA,0.0006747638326585695,0.0,0.000146482914698331,0.0
IND145001AAA,0.001349527665317139,1.3668409844535506e-06,0.0009665746135737387,0.0
IND176201AAA,0.001349527665317139,1.3668409844535506e-06,0.0009665746135737387,0.0
IND147001AAB,0.002699055330634278,0.001042899671138059,0.0005142999229530011,0.0
IND147201AAA,0.001349527665317139,0.00042007579588872456,0.00027772312340301026,0.0
IND147001AAD,0.0020242914979757085,0.00020365930668357903,0.0005179091422521077,0.0
IND147101AAA,0.001349527665317139,0.0,0.0005126262574059477,1.0
IND147105AAA,0.0020242914979757085,0.0004082298406901271,0.0009393049126651812,1.0
IND148023AAA,0.0006747638326585695,0.0,0.0003826889407015407,0.0
IND148028AAA,0.001349527665317139,0.0,0.000146482914698331,0.0
IND148101AAA,0.001349527665317139,0.00042007579588872456,0.0003206062806862034,0.0
IND148102AAA,0.0006747638326585695,0.0,0.0004191772980335069,0.0
IND151001AAA,0.004723346828609986,0.0037328427285426465,0.0008785731005040804,0.06666666666666667
IND151103AAA,0.0006747638326585695,0.0,0.00035129236749679744,0.0
IND151302AAA,0.001349527665317139,0.0008378735234700265,0.00026057316379582396,0.0
IND151505AAA,0.001349527665317139,0.0008269387955943981,0.00036809638583793966,0.0
IND151506AAA,0.001349527665317139,0.0008160040677187697,0.0004595242510515989,0.0
IND152116AAA,0.0006747638326585695,0.0,0.00025421167471460706,0.0
IND140603AAA,0.0006747638326585695,0.0,0.00038629317672226866,0.0
IND160102AAC,0.001349527665317139,0.0,0.000457487031821853,0.0
IND173212AAA,0.001349527665317139,0.00042007579588872456,0.0005326213540396527,0.0
IND174001AAA,0.0020242914979757085,0.002478082704814287,0.0008466474894975901,0.0
IND174307AAA,0.001349527665317139,0.0,0.00036844942856410106,1.0
IND176041AAA,0.001349527665317139,0.0,0.0006932931399586618,1.0
IND181152AAA,0.0020242914979757085,0.000208898863790651,0.0006112231178665785,1.0
IND184104AAA,0.004048582995951417,0.0010465445804299352,0.0007992097343893331,0.8333333333333334
IND160102AAD,0.001349527665317139,0.0,0.000146482914698331,0.0
IND160002AAD,0.0006747638326585695,0.0,0.00021725720494079366,0.0
IND173220AAA,0.0006747638326585695,0.0,0.000599665158471192,0.0
IND175018AAA,0.001349527665317139,0.0024671479769386587,0.000866649724863551,0.0
IND174021AAA,0.0006747638326585695,0.0,0.000146482914698331,0.0
IND176048AAA,0.001349527665317139,0.00040959668167458063,0.00027101940069387207,0.0
IND174101AAB,0.0006747638326585695,0.0,0.000146482914698331,0.0
IND175001AAA,0.001349527665317139,0.0024562132490630302,0.0008837034915731428,0.0
IND175101AAA,0.001349527665317139,0.0024452785211874018,0.0008982736456979882,0.0
IND175015AAA,0.001349527665317139,0.0008182821360261923,0.0003768913014107839,0.0
IND176061AAA,0.001349527665317139,0.00040914106801309615,0.00027101940069387207,0.0
IND176110AAB,0.001349527665317139,0.00040959668167458063,0.000271019400693872,0.0
IND177033AAA,0.001349527665317139,0.0008182821360261923,0.0003768913014107838,0.0
IND176303AAA,0.001349527665317139,1.3668409844535506e-06,0.0009665746135737387,0.0
IND176215AAA,0.0006747638326585695,0.0,0.000146482914698331,0.0
IND176310AAA,0.001349527665317139,1.3668409844535506e-06,0.0009665746135737387,0.0
IND177001AAA,0.0006747638326585695,0.0,0.000146482914698331,0.0
IND184121AAA,0.0033738191632928472,0.0004086854543516116,0.0009619152136267707,0.8333333333333334
IND181152AAB,0.0033738191632928472,0.0008273944092558826,0.0006459458489943815,0.5
IND181201AAB,0.001349527665317139,0.0,0.0004005598960738709,0.0
IND201001AAA,0.001349527665317139,0.0,0.0007316454197655784,0.0
IND245101AAA,0.002699055330634278,0.0,0.0015572271471942338,1.0
IND245304AAA,0.002699055330634278,0.0,0.0017125450253714996,1.0
IND201007AAB,0.001349527665317139,0.0,0.000146482914698331,1.0
IND250002AAA,0.001349527665317139,0.0004082298406901271,0.0005649390651884707,1.0
IND201304AAA,0.001349527665317139,0.0,0.0012518721820314212,0.0
IND203205AAA,0.0006747638326585695,0.0,0.0011778336826497831,0.0
IND201301AAL,0.0020242914979757085,1.3668409844535506e-06,0.0003843672717244069,0.0
IND201307AAA,0.001349527665317139,0.0,0.0002797856077802448,0.0
IND201306AAA,0.0006747638326585695,0.0,0.000146482914698331,0.0
IND205001AAB,0.004048582995951417,0.003315956228284314,0.0008573795196630456,0.2
IND207123AAA,0.0006747638326585695,0.0,0.00026792516245713544,0.0
IND202001AAC,0.0006747638326585695,0.0,0.000146482914698331,0.0
IND204215AAA,0.001349527665317139,0.00041005229533606517,0.00027101940069387207,0.0
IND203001AAA,0.0006747638326585695,0.0,0.000146482914698331,0.0
IND203131AAA,0.001349527665317139,2.733681968907101e-06,0.000271019400693872,0.0
IND203135AAA,0.0020242914979757085,4.556136614845169e-06,0.0003768913014107838,0.3333333333333333
IND203390AAA,0.0020242914979757085,5.467363937814202e-06,0.0005663887262792443,0.3333333333333333
IND203396AAB,0.001349527665317139,0.0,0.00031382961809944387,1.0
IND204101AAA,0.001349527665317139,0.0,0.00045000826903953425,0.0
IND207001AAA,0.001349527665317139,0.0008191933633491613,0.0003768913014107839,0.0
IND205135AAA,0.001349527665317139,0.0004191645685657555,0.0004388844604265305,0.0
IND209721AAB,0.001349527665317139,0.0008401515917774491,0.0003543662064399007,0.0
IND283203AAA,0.001349527665317139,0.0004082298406901271,0.0005197103442225937,0.0
IND206001AAA,0.001349527665317139,0.0004082298406901269,0.0004980829138977999,0.0
IND206122AAA,0.001349527665317139,0.0004191645685657555,0.00041358753126002857,0.0
IND207302AAA,0.001349527665317139,0.0012274232040392883,0.0004669179723135894,0.0
IND207247AAB,0.0020242914979757085,0.0008182821360261923,0.0003881374722467519,0.3333333333333333
IND208006AAA,0.001349527665317139,0.0,0.0005349134158614137,0.0
IND208012AAA,0.001349527665317139,0.0,0.00033668489530236064,0.0
IND208017AAA,0.0006747638326585695,0.0,0.000146482914698331,0.0
IND208019AAA,0.001349527665317139,0.0,0.0010128030094102962,0.0
IND209101AAA,0.001349527665317139,0.0016739245922941148,0.0006832219379377125,0.0
IND209111AAA,0.001349527665317139,0.0016629898644184866,0.0007272969815878264,0.0
IND285001AAD,0.001349527665317139,0.0016520551365428581,0.000765375561762,0.0
IND209206AAB,0.001349527665317139,0.00042007579588872456,0.00032371410908123765,0.0
IND210301AAA,0.0006747638326585695,0.0,0.00042168223147506713,0.0
IND209801AAA,0.001349527665317139,0.0,0.0005630008790809815,0.0
IND211002AAB,0.006072874493927126,0.008259820069052806,0.0018106996696674357,0.03571428571428571
IND212601AAA,0.001349527665317139,0.0008378735234700265,0.0005185168652684522,0.0
IND221313AAA,0.002699055330634278,0.00335696145781792,0.0005376088490356597,0.16666666666666666
IND209625AAA,0.001349527665317139,0.00042053140955020904,0.0004478265780920509,0.0
IND241124AAB,0.0006747638326585695,0.0,0.0005272545920056578,0.0
IND210001AAA,0.001349527665317139,0.0008269387955943981,0.0005872825073933982,0.0
IND210427AAA,0.001349527665317139,0.0008160040677187698,0.0006461643146537867,0.0
IND210431AAA,0.001349527665317139,0.0016301856807916016,0.0008244630917770706,0.0
IND210501AAB,0.0006747638326585695,0.0,0.000146482914698331,0.0
IND211011AAA,0.001349527665317139,0.0008378735234700265,0.0007115115997772594,0.0
IND211013AAA,0.0006747638326585695,0.0,0.0007065823247810969,0.0
IND485001AAC,0.004723346828609986,0.002935291014114,0.0006011607909276295,0.14285714285714285
IND211008AAA,0.0006747638326585695,0.0,0.000146482914698331,0.0
IND212501AAA,0.001349527665317139,0.0008269387955943981,0.0007513544695935659,0.0
IND212402AAA,0.001349527665317139,0.0008160040677187698,0.0007862707869441375,0.0
IND221010AAB,0.0006747638326585695,0.0,0.000146482914698331,0.0
IND233001AAA,0.001349527665317139,4.5561366148451686e-07,0.00027101940069387207,0.0
IND232101AAB,0.001349527665317139,0.0012602273876661735,0.00041422830278491714,0.0
IND276128AAA,0.001349527665317139,0.0012602273876661735,0.00025441519011607395,0.0
IND221706AAA,0.001349527665317139,0.0012410916138838241,0.0006602989824795611,0.0
IND273014AAB,0.0067476383265856945,0.005376696819178784,0.002344875632848576,0.0
IND223101AAB,0.001349527665317139,0.0004209870232116936,0.00045490191363095286,0.0
IND222125AAB,0.0006747638326585695,0.0,0.0005333524462122534,0.0
IND224001AAA,0.0006747638326585695,0.0,0.000146482914698331,0.0
IND224141AAB,0.001349527665317139,4.5561366148451686e-07,0.00027101940069387207,0.0
IND224122AAA,0.0006747638326585695,0.0,0.0003768913014107839,0.0
IND226004AAA,0.0006747638326585695,0.0,0.000146482914698331,0.0
IND226016AAA,0.0006747638326585695,0.0,0.00027101940069387207,0.0
IND231208AAA,0.0006747638326585695,0.0,0.000146482914698331,0.0
IND231217AAA,0.001349527665317139,2.2780683074225845e-06,0.00027101940069387207,0.0
IND231225AAB,0.001349527665317139,3.644909291876135e-06,0.0003768913014107839,0.0
IND486886AAA,0.001349527665317139,4.100522953360652e-06,0.0004669179723135894,0.0
IND232104AAB,0.0020242914979757085,0.0008410628191004181,0.0004988890576942552,0.0
IND232327AAA,0.0006747638326585695,0.0,0.0004027936120802266,0.0
IND233221AAC,0.0006747638326585695,0.0,0.00031409993420996717,0.0
IND275101AAA,0.0006747638326585695,0.0,0.0003768913014107839,0.0
IND242221AAA,0.001349527665317139,0.0,0.00019598110887494787,1.0
IND242307AAB,0.001349527665317139,0.0,0.000146482914698331,1.0
IND243001AAA,0.001349527665317139,0.0,0.000146482914698331,1.0
IND243503AAB,0.001349527665317139,0.0,0.00021312445502779737,1.0
IND244901AAB,0.010121457489878543,0.01311711731413924,0.00308288127450826,0.06666666666666667
IND243201AAA,0.0020242914979757085,0.0004184811480735287,0.0011290245788108926,1.0
IND262001AAA,0.002699055330634278,0.0012342574089615561,0.0014358051302643831,0.6666666666666666
IND243301AAB,0.0020242914979757085,0.00041962018222724,0.00026238011079179386,0.3333333333333333
IND244901AAC,0.0006747638326585695,0.0,0.00024386950890428012,0.0
IND263153AAB,0.005398110661268556,0.0069941253174488184,0.0023432059158911174,0.047619047619047616
IND244221AAA,0.001349527665317139,0.006823270194392124,0.0004616101923376765,0.0
IND244301AAA,0.001349527665317139,0.0012565824783742974,0.0003725280845758831,1.0
IND244412AAA,0.0020242914979757085,0.0012456477504986692,0.00046345252796489397,0.6666666666666666
IND244501AAA,0.001349527665317139,0.0008269387955943981,0.0005738620452005055,0.0
IND244601AAB,0.001349527665317139,0.0008160040677187697,0.0006345881989501937,0.0
IND244713AAA,0.001349527665317139,0.0008269387955943981,0.0006607566473605686,0.0
IND263401AAA,0.001349527665317139,0.0008160040677187697,0.0007081963366845464,0.0
IND244715AAA,0.001349527665317139,0.0008378735234700265,0.0006048572412783764,0.0
IND243002AAA,0.0006747638326585695,0.0,0.000627278725313661,0.0
IND244921AAB,0.0020242914979757085,0.0004184811480735287,0.0007786344474633599,1.0
IND246725AAB,0.001349527665317139,0.0020912667062139324,0.0004668775623394856,0.0
IND246001AAA,0.0006747638326585695,0.0,0.000146482914698331,0.0
IND249201AAA,0.002699055330634278,0.001666179160048878,0.0007948251805326202,0.0
IND246149AAA,0.001349527665317139,0.0,0.0007162434422084922,0.0
IND246174AAA,0.0020242914979757085,0.0008406072054389336,0.0011719555716321144,0.3333333333333333
IND246444AAB,0.001349527665317139,0.00042053140955020904,0.0011423897455885015,1.0
IND246424AAA,0.001349527665317139,4.5561366148451686e-07,0.001113631319651931,1.0
IND246701AAA,0.001349527665317139,0.002080331978338304,0.0005437726032501689,0.0
IND246763AAA,0.0020242914979757085,0.0020693972504626755,0.0006086179117352913,0.0
IND246761AAA,0.001349527665317139,0.0008378735234700265,0.0005020442318079963,0.0
IND247554AAA,0.0020242914979757085,0.0004082298406901271,0.0005332405503582434,0.0
IND247776AAA,0.001349527665317139,0.0008269387955943981,0.0007694775104125927,0.0
IND251309AAB,0.001349527665317139,0.0008160040677187697,0.0008009223865579046,0.0
IND248122AAB,0.001349527665317139,0.00040914106801309615,0.00027101940069387207,0.0
IND248197AAA,0.0006747638326585695,0.0,0.000146482914698331,0.0
IND261001AAA,0.001349527665317139,1.3668409844535506e-06,0.00027101940069387207,0.0
IND262701AAA,0.001349527665317139,1.8224546459380674e-06,0.0003768913014107839,0.0
IND261201AAB,0.0006747638326585695,0.0,0.000146482914698331,0.0
IND262122AAB,0.001349527665317139,0.0,0.000782535409986837,1.0
IND262501AAA,0.001349527665317139,0.0012233226810859277,0.0007081007558135675,0.0
IND262802AAA,0.001349527665317139,1.3668409844535506e-06,0.0004669179723135894,0.0
IND262723AAB,0.0006747638326585695,0.0,0.0005434586560380008,0.0
IND263002AAA,0.001349527665317139,0.001256126864712813,0.0005388603122970289,0.0
IND263645AAA,0.001349527665317139,0.0012451921368371846,0.0006046421141109492,0.0
IND263139AAA,0.001349527665317139,0.0,0.0007277207080621905,0.0
IND263601AAA,0.001349527665317139,0.0012342574089615561,0.000660494897890489,0.0
IND271001AAA,0.0020242914979757085,4.5561366148451686e-07,0.0011928994157167647,1.0
IND271201AAA,0.001349527665317139,0.0,0.00047346128377372424,1.0
IND271210AAA,0.0020242914979757085,4.5561366148451686e-07,0.0012333631412307284,1.0
IND272001AAA,0.001349527665317139,0.0004150640456123949,0.00027101940069387207,0.0
IND272155AAA,0.0006747638326585695,0.0,0.000146482914698331,0.0
IND272207AAB,0.0006747638326585695,0.0,0.000146482914698331,0.0
IND272153AAC,0.0006747638326585695,0.0,0.00027101940069387207,0.0
IND273155AAA,0.001349527665317139,0.0,0.0005592510231114011,0.0
IND273304AAA,0.001349527665317139,0.0,0.0005280625758359531,0.0
IND274001AAA,0.001349527665317139,2.460313772016391e-05,0.0006184867305625416,0.0
IND277303AAC,0.001349527665317139,1.5035250828989056e-05,0.0004595771579869037,0.0
IND274509AAB,0.0020242914979757085,0.0004332885920717756,0.0006728189468092812,0.0
IND274301AAB,0.001349527665317139,0.0016529663638658273,0.0005653821090408171,0.0
IND274304AAA,0.001349527665317139,0.000835595455162604,0.00040655568744673047,0.0
IND274304AAB,0.001349527665317139,0.0012442809095142158,0.0004924078922821068,0.0
IND274402AAA,0.0006747638326585695,0.0,0.00045901025155456866,0.0
IND276305AAA,0.001349527665317139,0.0008410628191004181,0.00036287715687960463,0.0
IND277201AAA,0.001349527665317139,0.0008324061595322124,0.0006038773022387172,0.0
IND277211AAA,0.001349527665317139,0.00042372070518060075,0.0005375450528527676,0.0
IND281121AAB,0.0006747638326585695,0.0,0.000146482914698331,0.0
IND281401AAA,0.001349527665317139,0.0,0.000146482914698331,1.0
IND321022AAA,0.001349527665317139,0.0,0.00019099975914546583,1.0
IND282001AAF,0.0006747638326585695,0.0,0.000146482914698331,0.0
IND283122AAB,0.0020242914979757085,0.00040959668167458063,0.00027101940069387207,0.0
IND281004AAA,0.0006747638326585695,0.0,0.00028656259358775786,0.0
IND282005AAA,0.0006747638326585695,0.0,0.00036483897114090536,0.0
IND284001AAA,0.0006747638326585695,0.0,0.000146482914698331,0.0
IND284403AAA,0.0006747638326585695,0.0,0.00027101940069387207,0.0
IND285205AAB,0.001349527665317139,0.0016411204086672296,0.0007966828713892102,0.0
IND321001AAB,0.0020242914979757085,0.0006273800118641798,0.00047342479211750024,0.6666666666666666
IND321606AAA,0.002699055330634278,0.0006178121249730048,0.0007465480710993562,0.3333333333333333
IND301019AAA,0.001349527665317139,0.0,0.000146482914698331,0.0
IND301705AAA,0.0006747638326585695,0.0,0.00021705620654774793,0.0
IND302004AAA,0.001349527665317139,0.0,0.00036387796254106885,0.0
IND302014AAB,0.01282051282051282,0.00010661359678737694,0.0028818376746288614,0.0380952380952381
IND302006AAA,0.001349527665317139,0.0,0.0003326527279127152,0.0
IND303702AAB,0.0020242914979757085,0.005828665571371424,0.0006862415751651718,0.3333333333333333
IND305001AAC,0.005398110661268556,0.009442137520605126,0.003115465998586416,0.09523809523809523
IND306401AAB,0.004723346828609986,0.01048853022981457,0.0015778130361678176,0.2
IND313001AAB,0.006072874493927126,0.008980813501230015,0.0023606690123194034,0.14285714285714285
IND302006AAC,0.0006747638326585695,0.0,0.00040080682093659537,0.0
IND302020AAA,0.001349527665317139,0.0,0.0003661619269494166,0.0
IND302023AAA,0.0006747638326585695,0.0,0.0004141595101907773,0.0
IND302026AAA,0.0006747638326585695,0.0,0.00043565760870320524,0.0
IND303008AAB,0.001349527665317139,6.3785912607832356e-06,0.0003039940677838376,0.0
IND303301AAB,0.001349527665317139,0.0,0.00027454275595855044,1.0
IND303303AAA,0.0020242914979757085,2.870366067352456e-05,0.0005396170332307843,0.3333333333333333
IND303603AAB,0.0020242914979757085,1.5035250828989056e-05,0.0006312628317585499,0.0
IND303901AAA,0.001349527665317139,0.0,0.0003747127648320444,1.0
IND304001AAA,0.0020242914979757085,1.3668409844535505e-05,0.0006700663951572851,0.6666666666666666
IND303002AAA,0.001349527665317139,0.0,0.00024107930923677798,1.0
IND303338AAB,0.001349527665317139,7.745432245236787e-06,0.00040507318742384623,0.0
IND303106AAA,0.0020242914979757085,0.00040959668167458063,0.000271019400693872,0.3333333333333333
IND303108AAB,0.0006747638326585695,0.0,0.000146482914698331,0.0
IND322230AAA,0.001349527665317139,3.0070501657978113e-05,0.000605584990315939,0.0
IND303503AAA,0.001349527665317139,0.0,0.0004397530624905331,1.0
IND332001AAB,0.006072874493927126,0.007438804251057707,0.0015289464505358413,0.08333333333333333
IND332404AAA,0.001349527665317139,0.0,0.00042806391488966144,1.0
IND322001AAC,0.001349527665317139,1.5035250828989056e-05,0.0007166830324410556,1.0
IND305802AAA,0.001349527665317139,0.0016739245922941148,0.000878427129143537,0.0
IND305901AAA,0.0020242914979757085,0.0012520263417594524,0.0008762414230383298,0.3333333333333333
IND342602AAC,0.0020242914979757085,0.0004191645685657555,0.0009422696269492073,0.3333333333333333
IND305404AAA,0.001349527665317139,0.0024553020217400615,0.001493931355891616,0.0
IND305601AAC,0.001349527665317139,0.002444367293864433,0.0014103095845474673,0.0
IND305624AAA,0.002699055330634278,0.0024662367496156895,0.0015934433057356136,0.0
IND341512AAA,0.001349527665317139,0.0016629898644184866,0.0008946944753028329,0.0
IND306116AAA,0.0006747638326585695,0.0,0.000146482914698331,0.0
IND306001AAA,0.0006747638326585695,0.0,0.00027101940069387207,0.0
IND342005AAD,0.0033738191632928472,0.005373051909886907,0.0011040500957904854,0.2
IND343001AAA,0.001349527665317139,0.0008401515917774491,0.0004249984803086917,0.0
IND311001AAA,0.0020242914979757085,0.0020447941127425115,0.0011057580640585676,0.6666666666666666
IND313324AAA,0.001349527665317139,0.0020338593848668834,0.0010854057342117773,1.0
IND311301AAA,0.0006747638326585695,0.0,0.000146482914698331,0.0
IND311302AAA,0.001349527665317139,0.0004082298406901271,0.0009475106972122317,0.0
IND312001AAA,0.002699055330634278,0.002478082704814287,0.0010469382704649493,0.16666666666666666
IND312601AAA,0.001349527665317139,0.0008378735234700265,0.000514324765397425,0.0
IND312403AAA,0.001349527665317139,0.0008160040677187697,0.0006435821110127916,0.0
IND458664AAA,0.001349527665317139,0.0008269387955943981,0.000583495643516456,0.0
IND312605AAB,0.002699055330634278,0.0020607405908944698,0.0012423658533564593,0.3333333333333333
IND458001AAB,0.001349527665317139,0.0004191645685657555,0.0005958686949264297,1.0
IND327001AAB,0.001349527665317139,0.0012547600237283595,0.0006383212426632256,1.0
IND321001AAA,0.002699055330634278,0.0004086854543516116,0.0004995884847824219,0.5
IND321401AAB,0.001349527665317139,0.0,0.0004326261776256516,1.0
IND321408AAB,0.0006747638326585695,0.0,0.000146482914698331,0.0
IND322201AAA,0.0020242914979757085,3.2804183626885215e-05,0.0007094762761034282,0.3333333333333333
IND322241AAA,0.001349527665317139,3.1437342642431664e-05,0.0006617057173495055,0.0
IND331023AAA,0.001349527665317139,0.0012342574089615561,0.0008178284360943115,0.0
IND331304AAA,0.001349527665317139,0.0012233226810859277,0.0008421093480033757,0.0
IND331507AAA,0.0006747638326585695,0.0,0.000146482914698331,0.0
IND331701AAA,0.0006747638326585695,0.0,0.000146482914698331,0.0
IND333001AAA,0.001349527665317139,0.0,0.00030389845770120044,1.0
IND333028AAA,0.001349527665317139,0.0,0.0005887968173858519,1.0
IND333031AAA,0.0020242914979757085,0.0012451921368371846,0.00078938711064519,0.3333333333333333
IND333042AAA,0.001349527665317139,0.0,0.00038570862664343095,1.0
IND334001AAB,0.001349527665317139,0.0002093544774521355,0.00035079748469467255,0.0
IND334001AAC,0.0020242914979757085,0.004282996224785201,0.0003474997902112476,0.3333333333333333
IND332713AAA,0.0006747638326585695,0.0,0.000146482914698331,0.0
IND332709AAA,0.0006747638326585695,0.0,0.00027101940069387207,0.0
IND334803AAA,0.0020242914979757085,0.0004082298406901271,0.0005954906529574113,0.3333333333333333
IND341001AAC,0.0020242914979757085,0.004879166700837691,0.0007977140789730295,0.3333333333333333
IND335001AAA,0.001349527665317139,0.002852141520893076,0.0005645511894165143,0.0
IND335051AAA,0.001349527665317139,0.0016301856807916016,0.0009848145879238065,0.0
IND335803AAA,0.001349527665317139,0.0,0.0004762293972274909,1.0
IND335804AAD,0.002699055330634278,0.0016629898644184866,0.0009091799287029657,0.3333333333333333
IND335701AAA,0.0020242914979757085,0.00164112040866723,0.0009854345229617805,0.3333333333333333
IND335703AAA,0.001349527665317139,0.0,0.0005369234408779967,1.0
IND341303AAA,0.0020242914979757085,0.005277373040975159,0.0009495066766822929,0.0
IND341030AAA,0.0006747638326585695,0.0,0.000146482914698331,0.0
IND341306AAA,0.001349527665317139,0.005266438313099531,0.0009542086703950898,0.0
IND341503AAB,0.001349527665317139,0.0016411204086672296,0.0009098023983905253,0.0
IND341510AAB,0.001349527665317139,0.0016301856807916014,0.0009167732428585573,0.0
IND341505AAA,0.001349527665317139,0.0016520551365428581,0.000903292674127691,0.0
IND342601AAA,0.0020242914979757085,0.0004191645685657555,0.000507098322632814,0.3333333333333333
IND342902AAA,0.0020242914979757085,0.002634130383872734,0.0006899331020046781,0.3333333333333333
IND344022AAB,0.0020242914979757085,0.0016739245922941148,0.0003882910409574613,0.6666666666666666
IND342301AAA,0.0033738191632928472,0.0016301856807916014,0.0007975632399565027,0.5
IND342902A1B,0.001349527665317139,0.0002038871135143213,0.00036969620686926833,0.0
IND343029AAB,0.001349527665317139,0.00042053140955020904,0.0005071984012965862,0.0
IND307001AAA,0.0006747638326585695,0.0,0.0005770730008152124,0.0
IND344001AAA,0.002699055330634278,0.0008378735234700265,0.0002843037781863491,0.6666666666666666
IND345001AAA,0.0020242914979757085,0.0,0.00019238367559293865,1.0
IND345021AAA,0.0020242914979757085,0.0,0.0003130026657586582,1.0
IND360003AAA,0.0006747638326585695,0.0,0.000146482914698331,0.0
IND360311AAA,0.001349527665317139,4.5561366148451686e-07,0.00027101940069387207,0.0
IND360050AAA,0.0006747638326585695,0.0,0.0003768913014107838,0.0
IND360490AAA,0.0006747638326585695,0.0,0.000146482914698331,0.0
IND362001AAA,0.004723346828609986,3.325979728836973e-05,0.0016156024263333847,0.047619047619047616
IND360510AAB,0.001349527665317139,7.745432245236787e-06,0.0004931522188759092,0.0
IND360530AAB,0.001349527665317139,7.745432245236787e-06,0.0005658451437360155,0.0
IND360575AAA,0.001349527665317139,7.745432245236787e-06,0.0004077741845721713,0.0
IND361001AAA,0.0006747638326585695,0.0,0.000146482914698331,0.0
IND361305AAC,0.001349527665317139,1.3668409844535506e-06,0.00027101940069387207,0.0
IND361315AAA,0.001349527665317139,1.8224546459380674e-06,0.0003768913014107839,0.0
IND361335AAA,0.001349527665317139,1.3668409844535506e-06,0.0004669179723135894,0.0
IND360002AAB,0.0020242914979757085,0.0,0.0007843048756215672,0.3333333333333333
IND360370AAA,0.0006747638326585695,0.0,0.000520472099296099,0.0
IND362220AAA,0.0020242914979757085,4.100522953360652e-06,0.0005437764488651564,0.6666666666666666
IND362265AAA,0.002699055330634278,1.594647815195809e-05,0.001037444782219891,0.3333333333333333
IND362150AAA,0.001349527665317139,1.594647815195809e-05,0.0010152863551890227,0.0
IND362225AAA,0.001349527665317139,0.0,0.00040122370345417623,1.0
IND362720AAA,0.001349527665317139,1.594647815195809e-05,0.0010285188770320708,0.0
IND362560AAA,0.001349527665317139,1.594647815195809e-05,0.0010212340945014763,0.0
IND363001AAA,0.001349527665317139,9.112273229690337e-07,0.00027101940069387207,0.0
IND363421AAB,0.001349527665317139,9.112273229690337e-07,0.0003768913014107839,0.0
IND363310AAB,0.0020242914979757085,0.0008160040677187697,0.000543522659358237,0.6666666666666666
IND363330AAB,0.001349527665317139,0.0,0.00027464273761624246,1.0
IND364710AAA,0.0006747638326585695,0.0,0.0004669179723135894,0.0
IND363520AAC,0.0006747638326585695,0.0,0.000146482914698331,0.0
IND363621AAB,0.001349527665317139,0.0,0.00020137461578318823,1.0
IND363641AAA,0.001349527665317139,0.0,0.000146482914698331,1.0
IND364004AAB,0.001349527665317139,0.0012602273876661735,0.000364353355145433,0.0
IND365560AAA,0.001349527665317139,0.0008410628191004181,0.0004563080146547315,0.0
IND365560AAB,0.001349527665317139,0.0004209870232116936,0.0005344859624824217,0.0
IND364290AAA,0.0006747638326585695,0.0,0.0006009043822542097,0.0
IND370001AAA,0.0020242914979757085,4.5561366148451686e-07,0.0006345252225025625,0.0
IND370110AAA,0.001349527665317139,0.0,0.000574063800621714,0.0
IND370615AAB,0.0006747638326585695,0.0,0.0002592452316703833,0.0
IND370201AAA,0.0020242914979757085,0.0008378735234700265,0.0003430185863647898,0.6666666666666666
IND380005AAA,0.001349527665317139,0.0008378735234700265,0.00042557684825576163,1.0
IND382421AAA,0.0020242914979757085,0.0008269387955943981,0.0005083757304815111,0.6666666666666666
IND380006AAA,0.0006747638326585695,0.0,0.000146482914698331,0.0
IND380006AAB,0.0006747638326585695,0.0,0.000146482914698331,0.0
IND380021AAA,0.0006747638326585695,0.0,0.000146482914698331,0.0
IND380054AAA,0.001349527665317139,0.0,0.00047742917241827543,0.0
IND382721AAA,0.001349527665317139,0.0,0.0002624567422660761,1.0
IND380015AAB,0.0006747638326585695,0.0,0.0005400562322643358,0.0
IND382345AAA,0.0006747638326585695,0.0,0.0004970804625626923,0.0
IND384205AAA,0.006072874493927126,0.008642079931038316,0.002276601366293691,0.08333333333333333
IND387620AAB,0.001349527665317139,0.00042007579588872456,0.0003661247952543643,0.0
IND388320AAA,0.004048582995951417,0.002485828137059524,0.0012762784479585928,0.2
IND389001AAA,0.001349527665317139,0.0008401515917774491,0.00037127589218651977,0.0
IND395023AAA,0.008771929824561403,0.011101225877225208,0.0017302065587984088,0.25
IND382715AAA,0.001349527665317139,0.004440410744828102,0.0006413252006876957,1.0
IND383001AAA,0.001349527665317139,0.0008378735234700265,0.0005584548912471933,1.0
IND383315AAC,0.0020242914979757085,0.0008269387955943981,0.0006216719769059809,0.6666666666666666
IND383255AAB,0.001349527665317139,0.0,0.0003978968634607377,1.0
IND384170AAA,0.001349527665317139,0.001256126864712813,0.0006101383869419192,0.0
IND384265AAB,0.001349527665317139,0.0012451921368371846,0.0006656627140061623,0.0
IND384355AAB,0.001349527665317139,0.0008378735234700265,0.0007106038455917307,0.0
IND385320AAA,0.001349527665317139,0.0012342574089615561,0.0007130332168237871,0.0
IND385001AAA,0.001349527665317139,0.0008269387955943981,0.0007511745301034623,0.0
IND385535AAA,0.001349527665317139,0.0008160040677187697,0.0007858688754648472,0.0
IND385340AAB,0.001349527665317139,0.0012233226810859277,0.0007524106127083266,0.0
IND387001AAA,0.001349527665317139,0.0004191645685657555,0.0007031556293286223,1.0
IND388220AAA,0.001349527665317139,0.0004082298406901271,0.0007447549689332372,1.0
IND389230AAB,0.0006747638326585695,0.0,0.0004578145415696492,0.0
IND388121AAA,0.0006747638326585695,0.0,0.000146482914698331,0.0
IND388620AAB,0.001349527665317139,0.00040914106801309615,0.00027101940069387207,0.0
IND389151AAA,0.001349527665317139,0.00042053140955020904,0.00046219530845559536,0.0
IND457661AAA,0.0006747638326585695,0.0,0.0005394933185813358,0.0
IND390020AAA,0.0020242914979757085,0.00042007579588872456,0.0025058343492650823,0.0
IND391110AAD,0.001349527665317139,0.0,0.002274735311850516,0.0
IND395001AAA,0.001349527665317139,0.0,0.0005524298716020558,0.0
IND395023AAD,0.006072874493927126,1.9135773782349707e-05,0.0019216819031142526,0.0
IND395004AAB,0.001349527665317139,0.0,0.0005056334151508893,0.0
IND395009AAA,0.001349527665317139,0.0,0.0005169270307220984,0.0
IND396191AAC,0.002699055330634278,0.0008273944092558826,0.0007252079566689299,0.3333333333333333
IND395006AAA,0.0006747638326585695,0.0,0.00041331268999939615,0.0
IND396445AAA,0.001349527665317139,6.3785912607832356e-06,0.00040854993750959645,0.0
IND396001AAA,0.001349527665317139,7.745432245236787e-06,0.0005456443453719575,0.0
IND396191AAB,0.0006747638326585695,0.0,0.000146482914698331,0.0
IND396232AAA,0.001349527665317139,0.0,0.0004448150450729715,0.0
IND396321AAA,0.002699055330634278,1.0479114214143887e-05,0.001003859597921694,0.0
IND396580AAB,0.001349527665317139,0.0,0.0006145934985072342,0.0
IND400011AAA,0.0020242914979757085,0.0004095966816745806,0.000271019400693872,0.0
IND400072AAD,0.002699055330634278,0.0011161320722783462,0.0005194010415056307,0.0
IND400015AAA,0.0020242914979757085,0.0,0.0006639382775847003,1.0
IND400015AAB,0.0020242914979757085,0.0,0.00037173091952677094,1.0
IND400016AAB,0.0006747638326585695,0.0,0.000146482914698331,0.0
IND400037AAA,0.0006747638326585695,0.0,0.000146482914698331,0.0
IND400072AAJ,0.001349527665317139,0.0,0.0005259412893949269,0.0
IND400064AAB,0.0006747638326585695,0.0,0.000146482914698331,0.0
IND400701AAB,0.0020242914979757085,0.0,0.000604207264484487,1.0
IND401104AAA,0.004723346828609986,0.0012360798636074943,0.0008704405517645934,0.1
IND421302AAR,0.005398110661268556,0.0012647835242810188,0.001581070467361017,0.0
IND421302AAS,0.0006747638326585695,0.0,0.0004604890273810497,0.0
IND400072AAC,0.0006747638326585695,0.0,0.000146482914698331,0.0
IND400102AAB,0.001349527665317139,0.0,0.00038718861935401806,0.0
IND400102AAC,0.0020242914979757085,0.00041962018222724,0.0004172344879398753,0.0
IND400052AAA,0.0006747638326585695,0.0,0.00034183692135280095,0.0
IND400612AAA,0.001349527665317139,0.0,0.0004545035979615211,0.0
IND400701AAA,0.0006747638326585695,0.0,0.000146482914698331,0.0
IND400705AAA,0.0006747638326585695,0.0,0.000146482914698331,0.0
IND421302AAH,0.001349527665317139,0.0,0.0003170435153683601,0.0
IND401208AAA,0.0006747638326585695,0.0,0.00034074614529781215,0.0
IND401104AAB,0.0020242914979757085,0.0,0.00033420805665118435,1.0
IND401209AAA,0.0006747638326585695,0.0,0.000146482914698331,0.0
IND401209AAB,0.001349527665317139,0.0,0.000146482914698331,0.0
IND401501AAA,0.001349527665317139,0.0,0.0009665746135737389,0.0
IND401602AAA,0.001349527665317139,0.0,0.0009665746135737389,0.0
IND402107AAA,0.001349527665317139,4.5561366148451686e-07,0.0009665746135737389,1.0
IND402109AAA,0.001349527665317139,4.5561366148451686e-07,0.0009665746135737389,1.0
IND402301AAA,0.001349527665317139,4.5561366148451686e-07,0.0009665746135737389,1.0
IND403401AAA,0.001349527665317139,0.0,0.00046452134664074526,0.0
IND403726AAB,0.004723346828609986,4.100522953360652e-06,0.0011588731034882255,0.0
IND403507AAA,0.001349527665317139,0.0,0.00035355381928019744,0.0
IND403601AAA,0.001349527665317139,0.0,0.0003784139447110638,0.0
IND403702AAA,0.001349527665317139,0.0,0.0003543896982746075,1.0
IND575004AAB,0.006072874493927126,0.010402923677204922,0.0016551290833889266,0.08333333333333333
IND403726AAA,0.006072874493927126,0.006108154178448084,0.0013243112783035756,0.07142857142857142
IND416510AAA,0.002699055330634278,0.0012461033641601536,0.000791494184992124,0.0
IND581303AAA,0.0020242914979757085,0.0008378735234700265,0.0003563072114510541,0.3333333333333333
IND403002AAA,0.0006747638326585695,0.0,0.0003819151790413703,0.0
IND410206AAB,0.0006747638326585695,0.0,0.000146482914698331,0.0
IND410401AAA,0.001349527665317139,0.0,0.00034536790749028806,0.0
IND410501AAF,0.001349527665317139,0.0008160040677187697,0.0008317818461630678,1.0
IND410503AAA,0.001349527665317139,0.0,0.000496186582107657,1.0
IND410505AAB,0.0020242914979757085,0.0008269387955943981,0.000805543463426811,0.6666666666666666
IND411014AAA,0.0033738191632928472,0.0012465589778216382,0.0008773689528092344,0.0
IND411043AAA,0.001349527665317139,0.0,0.00040151102257577525,0.0
IND411048AAA,0.0006747638326585695,0.0,0.00043607566322079216,0.0
IND411021AAA,0.001349527665317139,0.0,0.0005651580906233163,0.0
IND411036AAA,0.001349527665317139,0.0,0.00046101796438088676,0.0
IND413002AAA,0.0067476383265856945,0.0037340192838214367,0.0017377084585088126,0.26666666666666666
IND413501AAA,0.002699055330634278,0.00046913020010855755,0.0007853821378913171,0.6666666666666666
IND414001AAA,0.001349527665317139,0.0,0.0004080463639075879,0.0
IND416012AAA,0.0067476383265856945,0.010350891853637837,0.002351409414482451,0.1111111111111111
IND431136AAC,0.0067476383265856945,0.005769891409039922,0.001702210027906444,0.047619047619047616
IND431603AAA,0.005398110661268556,0.00496983381947311,0.0013100922391718788,0.09523809523809523
IND580028AAA,0.010796221322537112,0.012190778804730993,0.0030661907990035277,0.08791208791208792
IND412105AAC,0.0006747638326585695,0.0,0.000146482914698331,0.0
IND411017AAA,0.0006747638326585695,0.0,0.00027101940069387207,0.0
IND412210AAC,0.0006747638326585695,0.0,0.000146482914698331,0.0
IND413304AAA,0.002699055330634278,0.0016534219775273117,0.0009607473977592854,0.3333333333333333
IND413307AAC,0.001349527665317139,0.0,0.000433628420930196,0.0
IND415301AAB,0.001349527665317139,0.0004191645685657555,0.0005040649691240639,1.0
IND413307AAB,0.001349527665317139,0.0004082298406901271,0.000575186971906965,1.0
IND413401AAA,0.001349527665317139,0.0,0.00039555050382446364,1.0
IND413517AAA,0.002699055330634278,0.0008269387955943981,0.0007803246884329156,0.6666666666666666
IND431717AAA,0.001349527665317139,0.0,0.0005149807982768297,1.0
IND413531AAA,0.001349527665317139,0.0,0.00041436174481174236,1.0
IND413709AAA,0.0033738191632928472,0.0008264831819329135,0.0010195390125847586,0.4
IND423109AAA,0.0020242914979757085,0.00020981009111362,0.000748838301064921,0.6666666666666666
IND423701AAB,0.0020242914979757085,0.002035226225851337,0.0010687451129071759,0.6666666666666666
IND414302AAB,0.0006747638326585695,0.0,0.000146482914698331,0.0
IND414502AAA,0.001349527665317139,0.0012342574089615561,0.0005374185398268812,0.0
IND431107AAB,0.001349527665317139,0.0012233226810859277,0.0006036407134159436,0.0
IND415003AAA,0.0020242914979757085,0.0007787176538389611,0.0005170562321494992,0.3333333333333333
IND412803AAB,0.0006747638326585695,0.0,0.00036071879345386684,0.0
IND415124AAA,0.001349527665317139,0.0016629898644184866,0.0005734096251320028,0.0
IND415605AAA,0.001349527665317139,0.0016520551365428581,0.0006342060522440879,0.0
IND415408AAC,0.001349527665317139,0.00040822984069012713,0.0007076668152826242,1.0
IND415409AAB,0.001349527665317139,0.0016739245922941148,0.0005018276282614828,0.0
IND415709AAA,0.0020242914979757085,0.0016411204086672296,0.0006857476015140322,0.0
IND415612AAA,0.001349527665317139,0.0004191645685657555,0.0006595958989339602,1.0
IND416122AAA,0.001349527665317139,0.000765511969507519,0.0003881829368807181,0.0
IND591237AAB,0.001349527665317139,0.002091722319875417,0.0005594917524697417,0.0
IND416404AAA,0.0020242914979757085,0.0020370486804972754,0.0009211290431021609,0.0
IND416602AAC,0.001349527665317139,0.0008155484540572852,0.0005348993858355708,0.0
IND416606AAA,0.001349527665317139,0.0,0.00043123752875364114,0.0
IND421301AAA,0.001349527665317139,0.0,0.0007205942210834648,0.0
IND421302AAF,0.0006747638326585695,0.0,0.000146482914698331,0.0
IND400072AAA,0.0006747638326585695,0.0,0.00038366467555597296,0.0
IND421401AAC,0.001349527665317139,0.0004191645685657555,0.000367132191619292,1.0
IND422011AAD,0.004048582995951417,0.004942496999784039,0.001203708394955965,0.2
IND444005AAB,0.004048582995951417,0.0016547888185117652,0.0006077293744086949,0.0
IND421302AAN,0.0006747638326585695,0.0,0.000146482914698331,0.0
IND421004AAA,0.0006747638326585695,0.0,0.0006118925448412645,0.0
IND421601AAB,0.001349527665317139,0.0004082298406901271,0.0004587351266562965,1.0
IND421502AAA,0.0006747638326585695,0.0,0.000146482914698331,0.0
IND421802AAA,0.0006747638326585695,0.0,0.000146482914698331,0.0
IND422103AAC,0.0020242914979757085,0.0006280634323564065,0.00033319886121266714,0.0
IND422605AAA,0.001349527665317139,4.5561366148451686e-07,0.00028318027933887994,0.0
IND423601AAA,0.002699055330634278,0.0008155484540572852,0.0009299294172294996,0.3333333333333333
IND423105AAA,0.001349527665317139,1.8224546459380674e-06,0.0002940007057141551,0.0
IND423301AAB,0.0006747638326585695,0.0,0.00039643183370775554,0.0
IND423106AAA,0.001349527665317139,2.733681968907101e-06,0.00017351161334035927,0.0
IND424006AAA,0.0067476383265856945,0.0004214426368731781,0.00036631582749497356,0.05555555555555555
IND424101AAA,0.0006747638326585695,0.0,0.00018540470763289847,0.0
IND424304AAC,0.001349527665317139,0.0,0.00019298359440267235,1.0
IND425401AAA,0.0006747638326585695,0.0,0.00017347300452202858,0.0
IND425405AAA,0.001349527665317139,0.0,0.00018351886794638222,0.0
IND425412AAA,0.0033738191632928472,4.100522953360652e-06,0.0017264919408524755,0.3333333333333333
IND452001AAC,0.002699055330634278,5.467363937814202e-06,0.0011070532231944434,0.3333333333333333
IND425201AAA,0.001349527665317139,0.0,0.0009185936969366283,1.0
IND425508AAB,0.0020242914979757085,2.733681968907101e-06,0.001090821138550239,0.6666666666666666
IND425406AAA,0.0020242914979757085,4.5561366148451686e-07,0.0016225063962149882,1.0
IND425409AAA,0.001349527665317139,0.0,0.0008908107271771458,1.0
IND450331AAA,0.001349527665317139,1.3668409844535506e-06,0.0010723768537097133,1.0
IND431001AAB,0.0006747638326585695,0.0,0.000146482914698331,0.0
IND431112AAB,0.0020242914979757085,0.0,0.0005789420842043841,1.0
IND431122AAA,0.001349527665317139,0.001256126864712813,0.0003681715687542192,0.0
IND431127AAA,0.001349527665317139,0.0012451921368371846,0.0004597171059957506,0.0
IND431131AAB,0.0006747638326585695,0.0,0.000146482914698331,0.0
IND431001AAA,0.0006747638326585695,0.0,0.0006822810658846474,0.0
IND431203AAA,0.0020242914979757085,0.0,0.0003442259734077758,1.0
IND431514AAA,0.001349527665317139,0.003270394862135862,0.0005047633873371749,0.0
IND431515AAA,0.001349527665317139,0.0032594601342602336,0.0005757824224685992,0.0
IND431517AAB,0.001349527665317139,0.003248525406384605,0.0006362235808652068,0.0
IND431401AAA,0.0006747638326585695,0.0,0.0004368715786175004,0.0
IND431708AAA,0.001349527665317139,0.0032813295900114905,0.00042120203061394245,0.0
IND441206AAB,0.001349527665317139,0.0,0.000146482914698331,1.0
IND441603AAA,0.001349527665317139,0.0,0.00038611424129653615,1.0
IND442605AAA,0.001349527665317139,0.0,0.0002094807966063318,1.0
IND441614AAA,0.0006747638326585695,0.0,0.000146482914698331,0.0
IND481001AAA,0.0006747638326585695,0.0,0.00027101940069387207,0.0
IND441904AAB,0.0006747638326585695,0.0,0.000146482914698331,0.0
IND441912AAA,0.001349527665317139,4.5561366148451686e-07,0.00027101940069387207,0.0
IND441107AAB,0.0006747638326585695,0.0,0.0003768913014107839,0.0
IND442001AAA,0.0006747638326585695,0.0,0.000146482914698331,0.0
IND442101AAB,0.001349527665317139,4.5561366148451686e-07,0.00027101940069387207,0.0
IND445001AAB,0.0006747638326585695,0.0,0.0003768913014107839,0.0
IND000000AAZ,0.0006747638326585695,0.0,0.0003938737934841832,0.0
IND443301AAA,0.0006747638326585695,0.0,0.00028872050639106045,0.0
IND444203AAA,0.0006747638326585695,0.0,0.000146482914698331,0.0
IND444602AAA,0.0006747638326585695,0.0,0.000146482914698331,0.0
IND451666AAA,0.001349527665317139,0.0,0.000146482914698331,1.0
IND454001AAA,0.0006747638326585695,0.0,0.000146482914698331,0.0
IND457001AAA,0.0020242914979757085,0.00040959668167458063,0.00027101940069387207,0.3333333333333333
IND457226AAA,0.001349527665317139,0.0,0.00023243551713748306,1.0
IND458990AAA,0.001349527665317139,0.0004082298406901271,0.0006538179487863337,1.0
IND460001AAA,0.001349527665317139,9.112273229690337e-07,0.00027101940069387207,0.0
IND480334AAA,0.001349527665317139,9.112273229690337e-07,0.0003768913014107839,0.0
IND461111AAA,0.0006747638326585695,0.0,0.000146482914698331,0.0
IND462001AAA,0.001349527665317139,0.0,0.0006704267818913804,0.0
IND462011AAA,0.001349527665317139,0.0,0.0007160832313234787,0.0
IND461001AAA,0.0006747638326585695,0.0,0.0007585277542991744,0.0
IND465669AAB,0.001349527665317139,0.001256126864712813,0.0005643823647391482,0.0
IND466001AAA,0.001349527665317139,0.0004191645685657555,0.0007002268210828918,1.0
IND842003AAB,0.007422402159244264,0.010297324363211565,0.0025372661565596717,0.07272727272727272
IND462042AAA,0.0006747638326585695,0.0,0.000146482914698331,0.0
IND464221AAA,0.0006747638326585695,0.0,0.000146482914698331,0.0
IND470004AAA,0.002699055330634278,0.0004105079089975497,0.000271019400693872,0.16666666666666666
IND464668AAA,0.001349527665317139,0.0056441420384701945,0.0008572645763496628,0.0
IND465001AAA,0.0020242914979757085,0.0012342574089615561,0.000678998529583203,0.3333333333333333
IND465333AAA,0.001349527665317139,0.0,0.0004003705663754739,1.0
IND465683AAA,0.001349527665317139,0.0012451921368371846,0.0006262906678068861,0.0
IND466116AAA,0.001349527665317139,0.0004082298406901271,0.0007417768981209163,1.0
IND470113AAA,0.0020242914979757085,1.3668409844535506e-06,0.00041365670954976127,0.3333333333333333
IND473443AAA,0.001349527665317139,0.0,0.00021752929299520806,1.0
IND470227AAB,0.001349527665317139,0.0,0.0006227043776603752,0.0
IND470117AAA,0.0006747638326585695,0.0,0.000146482914698331,0.0
IND471001AAA,0.0020242914979757085,0.0012073762029339696,0.00036371731073439107,0.6666666666666666
IND472001AAA,0.0020242914979757085,0.0011964414750583409,0.0004557832444609235,0.3333333333333333
IND473001AAA,0.001349527665317139,4.5561366148451686e-07,0.0003464701403688217,1.0
IND473331AAA,0.001349527665317139,0.00040959668167458047,0.00044107842327248317,1.0
IND473226AAA,0.0020242914979757085,0.0008187377496876765,0.0005215346241181721,0.3333333333333333
IND473551AAA,0.0006747638326585695,0.0,0.000392755653184157,0.0
IND476001AAA,0.0006747638326585695,0.0,0.0004523709355533184,0.0
IND476111AAA,0.0020242914979757085,0.0008387847507929956,0.0005967598019389898,0.3333333333333333
IND477001AAA,0.0006747638326585695,0.0,0.00037923510676803334,0.0
IND477001AAB,0.001349527665317139,0.00040777422702864243,0.0004212763952639347,1.0
IND480001AAA,0.002699055330634278,0.0002038871135143213,0.0008352253068507851,0.6666666666666666
IND480661AAA,0.0033738191632928472,0.0008314949322092433,0.0009925308646375475,0.6666666666666666
IND481661AAA,0.0020242914979757085,0.0012228670674244433,0.000851744909867274,0.6666666666666666
IND480106AAA,0.0006747638326585695,0.0,0.0004669179723135894,0.0
IND480886AAA,0.0020242914979757085,0.0002093544774521355,0.0004920910092303872,0.6666666666666666
IND483225AAA,0.001349527665317139,0.0,0.0005730158861525472,1.0
IND483501AAA,0.0020242914979757085,0.0008269387955943981,0.0010188361305611738,0.6666666666666666
IND483770AAA,0.001349527665317139,0.0008160040677187697,0.0010120472988269526,1.0
IND484001AAA,0.0020242914979757085,0.0012461033641601536,0.00044927998578906964,0.0
IND484224AAA,0.0006747638326585695,0.0,0.0003038840819918258,0.0
IND484446AAA,0.001349527665317139,0.0008150928403958007,0.00037090505372839905,0.0
IND484661AAE,0.001349527665317139,0.001257038092035782,0.0003563752207732079,0.0
IND485771AAA,0.001349527665317139,0.0,0.0002673094693838383,1.0
IND486001AAA,0.0006747638326585695,0.0,0.00030602305615749586,0.0
IND486771AAA,0.0020242914979757085,0.0008554146494371804,0.0005043191010148236,0.3333333333333333
IND488001AAA,0.001349527665317139,0.0,0.0001972020812380289,1.0
IND486661AAA,0.001349527665317139,0.0008444799215615521,0.00057544584958507,0.0
IND486889AAA,0.0020242914979757085,3.644909291876135e-06,0.0005434586560380008,0.0
IND231205AAA,0.0006747638326585695,0.0,0.00033603457655990976,0.0
IND231216AAA,0.0006747638326585695,0.0,0.0004190015978276045,0.0
IND487001AAA,0.001349527665317139,0.00262866301993492,0.00041268905040395775,0.0
IND487551AAA,0.0020242914979757085,0.005655076766345823,0.0008364558604781586,0.0
IND487001AAB,0.001349527665317139,0.00262866301993492,0.00039941292003842167,0.0
IND491001AAA,0.0006747638326585695,0.0,0.000146482914698331,0.0
IND494334AAB,0.001349527665317139,4.5561366148451686e-07,0.00027101940069387207,0.0
IND492001AAB,0.0006747638326585695,0.0,0.000146482914698331,0.0
IND492007AAA,0.0006747638326585695,0.0,0.000271019400693872,0.0
IND493118AAC,0.0006747638326585695,0.0,0.000146482914698331,0.0
IND495334AAB,0.001349527665317139,4.5561366148451686e-07,0.00027101940069387207,0.0
IND493445AAB,0.0006747638326585695,0.0,0.0003768913014107839,0.0
IND491995AAB,0.0006747638326585695,0.0,0.0003768913014107838,0.0
IND495677AAA,0.0006747638326585695,0.0,0.000146482914698331,0.0
IND496001AAA,0.0006747638326585695,0.0,0.00027101940069387207,0.0
IND500008AAC,0.001349527665317139,0.0,0.0004969806613202554,0.0
IND500008AAD,0.0006747638326585695,0.0,0.000146482914698331,0.0
IND500008AAF,0.0006747638326585695,0.0,0.000146482914698331,0.0
IND500039AAC,0.004048582995951417,0.003303199045762747,0.0011614648050578527,0.0
IND500010AAA,0.0020242914979757085,0.0008173709087032232,0.0007323274470926385,0.0
IND500010AAB,0.001349527665317139,0.0,0.0006431754078724855,0.0
IND500018AAA,0.0006747638326585695,0.0,0.000146482914698331,0.0
IND500080AAB,0.0020242914979757085,0.0004086854543516116,0.0007162774856383424,0.0
IND500032AAA,0.0006747638326585695,0.0,0.000146482914698331,0.0
IND502295AAA,0.001349527665317139,0.00040914106801309615,0.00027101940069387207,0.0
IND500035AAD,0.0006747638326585695,0.0,0.0004263985739728375,0.0
IND508116AAA,0.001349527665317139,0.0008378735234700265,0.0003763530470116378,0.0
IND500039AAD,0.001349527665317139,0.0,0.0006505982324301117,0.0
IND500050AAA,0.002699055330634278,0.0012360798636074943,0.0007202267640215379,0.0
IND501218AAC,0.0006747638326585695,0.0,0.0005447612723151095,0.0
IND500055AAC,0.0006747638326585695,0.0,0.000146482914698331,0.0
IND501401AAC,0.001349527665317139,0.00040914106801309615,0.00027101940069387207,0.0
IND501101AAB,0.0020242914979757085,0.0008255719546099446,0.0005313555752105869,0.6666666666666666
IND509216AAC,0.0020242914979757085,0.0,0.0005875292292591021,0.6666666666666666
IND501141AAA,0.001349527665317139,0.0008365066824855729,0.00045235405182080185,1.0
IND503111AAC,0.0033738191632928472,0.004123303636434878,0.001361198817796051,0.16666666666666666
IND505001AAB,0.008771929824561403,0.007009843988770034,0.002150952482695162,0.05555555555555555
IND506002AAA,0.0033738191632928472,0.005353460522443073,0.0014410695104471946,0.0
IND508252AAB,0.001349527665317139,0.00046377673958611316,0.0005725860675415269,0.0
IND509001AAA,0.001349527665317139,0.0008378735234700265,0.000460946022334485,0.0
IND509358AAA,0.0020242914979757085,0.001256126864712813,0.0004846987993336677,0.3333333333333333
IND515004AAA,0.008097165991902834,0.01109863489034746,0.0023186724024174435,0.06666666666666667
IND518002AAA,0.008771929824561403,0.009458083998757085,0.002946818756420869,0.08888888888888889
IND523002AAA,0.004048582995951417,0.00509864447993024,0.001277493448797124,0.13333333333333333
IND533106AAA,0.009446693657219972,0.0059024799495525845,0.0023558610322243732,0.1111111111111111
IND585104AAA,0.0067476383265856945,0.006609131773494401,0.002171574731580415,0.0
IND501359AAG,0.0006747638326585695,0.0,0.000146482914698331,0.0
IND502110AAA,0.001349527665317139,0.0016411204086672296,0.0007635575688712734,0.0
IND502313AAA,0.001349527665317139,0.0016301856807916014,0.0007936498903965167,0.0
IND502220AAC,0.001349527665317139,0.004052227905243293,0.000692455996418443,0.0
IND502286AAB,0.001349527665317139,0.004063162633118921,0.0006436858401860154,0.0
IND503185AAA,0.001349527665317139,0.0016739245922941148,0.0006274777245778439,0.0
IND503122AAA,0.001349527665317139,0.0016520551365428581,0.0007248121050050963,0.0
IND503187AAA,0.001349527665317139,0.0016629898644184866,0.000680577821368015,0.0
IND504201AAA,0.001349527665317139,2.2780683074225843e-07,0.00031895561600313294,0.0
IND505184AAC,0.0020242914979757085,0.0004082298406901271,0.000744135136220042,0.0
IND504208AAB,0.0020242914979757085,0.0,0.00046517446023159367,1.0
IND504215AAA,0.0006747638326585695,0.0,0.000146482914698331,0.0
IND504251AAA,0.0006747638326585695,0.0,0.000146482914698331,0.0
IND504296AAA,0.001349527665317139,0.00040914106801309615,0.00027101940069387207,0.0
IND504293AAA,0.001349527665317139,0.0,0.000146482914698331,1.0
IND505001AAA,0.0006747638326585695,0.0,0.000146482914698331,0.0
IND505302AAB,0.002699055330634278,0.0016821256382008362,0.0005228521126898773,0.0
IND505209AAA,0.0020242914979757085,0.0004191645685657555,0.0005536658362999857,0.0
IND505122AAA,0.001349527665317139,0.0008182821360261923,0.0003768913014107839,0.0
IND505325AAA,0.001349527665317139,0.0008419740464233872,0.0003668244370327752,0.0
IND505326AAB,0.0006747638326585695,0.0,0.00037067505726610494,0.0
IND505327AAA,0.001349527665317139,0.0004214426368731781,0.00045852080308354977,0.0
IND505425AAA,0.0006747638326585695,0.0,0.0005363120338942504,0.0
IND505467AAA,0.001349527665317139,0.00040959668167458063,0.00027101940069387207,0.0
IND506001AAC,0.0006747638326585695,0.0,0.000146482914698331,0.0
IND506132AAA,0.001349527665317139,0.001256126864712813,0.0005696523463521164,0.0
IND506143AAA,0.001349527665317139,0.0036667787476273917,0.0009489981467491196,0.0
IND506167AAB,0.001349527665317139,0.0036558440197517633,0.0009530106871956852,0.0
IND506314AAA,0.001349527665317139,0.0012233226810859277,0.0007276682476278559,0.0
IND507002AAA,0.0067476383265856945,0.004663775342370913,0.0016158100642061724,0.1388888888888889
IND507117AAB,0.0020242914979757085,0.0008273944092558826,0.0004234583275430098,0.3333333333333333
IND507167AAA,0.0006747638326585695,0.0,0.00044369476054205046,0.0
IND508001AAA,0.0020242914979757085,0.0023814318600913716,0.0007189306854838867,0.3333333333333333
IND508206AAA,0.002699055330634278,0.0004260747090982707,0.0004119691716397648,0.6666666666666666
IND508207AAB,0.0033738191632928472,0.0010308107219866645,0.0010591223018385659,0.3333333333333333
IND508213AAB,0.001349527665317139,0.0,0.00033865506341885533,1.0
IND507111AAA,0.0006747638326585695,0.0,0.000146482914698331,0.0
IND507303AAA,0.001349527665317139,0.0008164596813802542,0.0005065564658023708,1.0
IND507159AAA,0.0020242914979757085,1.3668409844535506e-06,0.000280742729253978,1.0
IND508277AAB,0.001349527665317139,0.0008269387955943981,0.00046651066843259004,0.0
IND508223AAA,0.001349527665317139,0.0008160040677187697,0.000543270295728873,0.0
IND508248AAB,0.0020242914979757085,0.0012342574089615561,0.0006525687020986334,0.3333333333333333
IND508377AAB,0.001349527665317139,0.0012233226810859277,0.0007014421197240457,0.0
IND509203AAA,0.001349527665317139,0.0008269387955943981,0.0005386684611407067,0.0
IND509103AAB,0.0020242914979757085,0.00040686299970567357,0.0009964822687528888,1.0
IND509103AAC,0.001349527665317139,0.00040686299970567357,0.0004071715616859161,1.0
IND509124AAA,0.0033738191632928472,0.0008264831819329135,0.0008221234366504889,0.5
IND584101AAA,0.002699055330634278,0.00041962018222724,0.0006354731585613907,0.3333333333333333
IND509301AAA,0.0020242914979757085,0.0008160040677187697,0.0006045339018821732,0.3333333333333333
IND509324AAA,0.001349527665317139,0.0,0.0003527274759763028,1.0
IND515401AAB,0.001349527665317139,0.0,0.0004280571509563334,1.0
IND515411AAA,0.001349527665317139,0.00042007579588872456,0.0005262058412113284,0.0
IND515671AAA,0.001349527665317139,0.0029218504111002065,0.0005101939023930656,0.0
IND515801AAA,0.0020242914979757085,0.0012451921368371846,0.0009154589728300408,0.3333333333333333
IND515134AAA,0.0033738191632928472,0.0041356052052949595,0.0013502445661526857,0.0
IND515201AAA,0.0020242914979757085,0.0008378735234700265,0.0007534146475929026,0.0
IND515591AAA,0.001349527665317139,0.0028671767717220647,0.0006898645725527952,0.0
IND515301AAA,0.001349527665317139,0.0004191645685657555,0.0005038798677128766,0.0
IND561202AAB,0.001349527665317139,0.0004082298406901271,0.0005757458675609412,0.0
IND516360AAB,0.0006747638326585695,0.0,0.000593501181120669,0.0
IND516269AAA,0.001349527665317139,0.002856242043846436,0.0007318204228257699,0.0
IND515761AAA,0.001349527665317139,0.0012233226810859277,0.0009330154193981054,0.0
IND515865AAB,0.001349527665317139,0.0012342574089615561,0.0009248294725531306,0.0
IND516101AAA,0.001349527665317139,4.100522953360652e-06,0.0008195602121841367,0.0
IND516115AAA,0.001349527665317139,4.100522953360652e-06,0.0008560646140066516,0.0
IND517501AAB,0.002699055330634278,1.0934727875628405e-05,0.0016369960121456555,0.0
IND516227AAA,0.0006747638326585695,0.0,0.000146482914698331,0.0
IND516390AAA,0.001349527665317139,0.0028453073159708077,0.0007700616523197473,0.0
IND517583AAA,0.001349527665317139,4.100522953360652e-06,0.0008088465394285179,0.0
IND517644AAA,0.001349527665317139,4.100522953360652e-06,0.0008715853818237002,0.0
IND524132AAA,0.001349527665317139,4.100522953360652e-06,0.0008715177989755791,0.0
IND518401AAA,0.001349527665317139,0.0008378735234700265,0.00046795862105724164,0.0
IND518501AAA,0.001349527665317139,0.001256126864712813,0.0004144326363338842,0.0
IND518102AAA,0.001349527665317139,0.0008160040677187697,0.000609468942303213,0.0
IND518124AAA,0.001349527665317139,0.0012451921368371846,0.0004989115042698382,0.0
IND518206AAA,0.001349527665317139,0.0012342574089615561,0.0005707445628021875,0.0
IND518222AAA,0.001349527665317139,0.0012233226810859277,0.000631778866265771,0.0
IND518422AAB,0.001349527665317139,0.0008269387955943981,0.0005444355271354863,0.0
IND520011AAA,0.0006747638326585695,0.0,0.000146482914698331,0.0
IND521185AAA,0.0020242914979757085,0.0004086854543516116,0.0005683945346185771,0.0
IND521001AAA,0.0020242914979757085,0.0008273944092558826,0.0005283872039542453,0.3333333333333333
IND521165AAA,0.0006747638326585695,0.0,0.0003478988891080149,0.0
IND521105AAA,0.0006747638326585695,0.0,0.000146482914698331,0.0
IND521333AAA,0.0020242914979757085,0.0008182821360261923,0.0003955558866894132,0.0
IND521201AAA,0.0006747638326585695,0.0,0.00043599275882446145,0.0
IND521301AAA,0.001349527665317139,0.000838329137131511,0.0004490467742770032,1.0
IND522647AAA,0.001349527665317139,0.0004209870232116936,0.0006587108714900044,0.0
IND523201AAA,0.0006747638326585695,0.0,0.0007065159885521631,0.0
IND523226AAA,0.001349527665317139,0.0012602273876661735,0.00053535827302018,0.0
IND523230AAA,0.001349527665317139,0.0008378735234700265,0.000479516843303978,0.0
IND523105AAA,0.001349527665317139,0.0008269387955943981,0.0005542799764118044,0.0
IND524201AAA,0.001349527665317139,0.0008160040677187697,0.0006182423579201516,0.0
IND523316AAB,0.001349527665317139,0.0008410628191004181,0.000601775664303274,0.0
IND524003AAA,0.001349527665317139,0.0,0.0003476963910923316,1.0
IND524101AAB,0.001349527665317139,4.100522953360652e-06,0.0009014517364519332,0.0
IND530012AAA,0.012145748987854251,0.015086385868929677,0.002623367398172886,0.04395604395604396
IND530043AAA,0.001349527665317139,0.0004191645685657555,0.0004245214366629908,0.0
IND531001AAA,0.0020242914979757085,0.0004191645685657555,0.00047604560586834077,1.0
IND531162AAA,0.0006747638326585695,0.0,0.00032367982119901087,0.0
IND532001AAB,0.004048582995951417,0.005354827363427526,0.0012158684164997866,0.0
IND535001AAA,0.0020242914979757085,0.0008160040677187697,0.0008750084473781277,0.0
IND764001AAC,0.001349527665317139,0.0012565824783742974,0.00042727167585631764,0.0
IND764020AAC,0.0006747638326585695,0.0,0.0005640998525394226,0.0
IND530012AAC,0.001349527665317139,0.0,0.000146482914698331,1.0
IND530026AAA,0.0006747638326585695,0.0,0.000146482914698331,0.0
IND531036AAA,0.001349527665317139,0.00040914106801309615,0.00027101940069387207,0.0
IND531163AAA,0.001349527665317139,0.0004082298406901271,0.0005075097315075372,0.0
IND531116AAA,0.0020242914979757085,0.0004082298406901271,0.0005513886303224753,1.0
IND532127AAA,0.001349527665317139,0.00042007579588872456,0.0004533222560191289,0.0
IND532421AAA,0.001349527665317139,0.001256126864712813,0.0005255049594566684,0.0
IND535591AAA,0.0006747638326585695,0.0,0.0005319201215047168,0.0
IND532201AAA,0.001349527665317139,0.0012451921368371846,0.0005932959518524958,0.0
IND532222AAA,0.001349527665317139,0.0012342574089615561,0.0006505798181670232,0.0
IND761200AAA,0.001349527665317139,0.0012233226810859277,0.0007008102374973421,0.0
IND532440AAA,0.001349527665317139,0.0008182821360261923,0.0003768913014107838,0.0
IND533003AAA,0.002699055330634278,0.0008269387955943981,0.0009349759027500501,0.6666666666666666
IND533401AAA,0.001349527665317139,0.0,0.0005226393390212106,1.0
IND533242AAA,0.0006747638326585695,0.0,0.0004690126474002895,0.0
IND533262AAA,0.002699055330634278,0.0008273944092558826,0.0008888645955557027,0.0
IND533308AAB,0.001349527665317139,0.0,0.0005481916107542341,1.0
IND534260AAC,0.001349527665317139,0.0,0.0004040944433093503,0.0
IND533201AAA,0.001349527665317139,0.0,0.0005602498159960531,0.0
IND534001AAA,0.0006747638326585695,0.0,0.000146482914698331,0.0
IND535501AAB,0.001349527665317139,0.00040959668167458063,0.00027101940069387207,0.0
IND535558AAA,0.0006747638326585695,0.0,0.000146482914698331,0.0
IND560002AAA,0.0033738191632928472,0.0,0.0006918341166043788,1.0
IND560099AAB,0.016194331983805668,0.0022903872329935807,0.0022028214438620454,0.18333333333333332
IND560027AAA,0.0006747638326585695,0.0,0.000146482914698331,0.0
IND560099AAA,0.0006747638326585695,0.0,0.00027101940069387207,0.0
IND560043AAC,0.004723346828609986,0.0008278500229173671,0.0007005545579599897,0.3
IND560064AAA,0.0006747638326585695,0.0,0.00032520547658189804,0.0
IND560048AAB,0.004048582995951417,0.0008173709087032232,0.0007754514319499087,0.5
IND560058AAB,0.004048582995951417,1.2149697639587116e-06,0.0005698460538334371,0.8333333333333334
IND560060AAB,0.0033738191632928472,0.0,0.0006394696642966534,1.0
IND560058AAD,0.0020242914979757085,0.0,0.0005570940637431185,1.0
IND560064AAD,0.0006747638326585695,0.0,0.000146482914698331,0.0
IND560067AAC,0.001349527665317139,0.0,0.00034112076828582514,0.0
IND562114AAA,0.0020242914979757085,0.00040914106801309615,0.000436532051813093,0.0
IND560078AAC,0.0033738191632928472,0.0,0.0006617112711890651,1.0
IND560083AAB,0.001349527665317139,0.0,0.00037480775785754615,0.0
IND560085AAA,0.002699055330634278,0.0,0.0007468332715350438,1.0
IND560300AAA,0.009446693657219972,0.005755311771872417,0.000844851068585862,0.2545454545454545
IND632006AAA,0.005398110661268556,0.0033334214186412203,0.0008485973259812575,0.23809523809523808
IND635001AAA,0.002699055330634278,0.000418708954904271,0.0004283180561136967,0.6666666666666666
IND683511AAB,0.0006747638326585695,0.0,0.00027077776900703376,0.0
IND563101AAB,0.0020242914979757085,0.0006276078186949219,0.0004924141028204112,0.0
IND563130AAA,0.0020242914979757085,0.0008128147720883782,0.0005283091420500224,0.6666666666666666
IND563131AAB,0.004048582995951417,0.0034824830215569045,0.0012981682159143755,0.5
IND560300AAB,0.004048582995951417,0.0014349552268454859,0.001348225745774537,0.2
IND563116AAA,0.0020242914979757085,0.0008128147720883782,0.0007694354448528632,1.0
IND563125AAB,0.0020242914979757085,0.0008160040677187698,0.0008666176704058356,0.0
IND561203AAB,0.001349527665317139,0.0,0.0007686996213121946,1.0
IND562101AAA,0.0020242914979757085,0.0008428852737463562,0.0015709752084057936,0.6666666666666666
IND561207AAB,0.0020242914979757085,0.0004228094778576316,0.0014770677317735134,0.6666666666666666
IND562108AAA,0.001349527665317139,0.0,0.0006391291809447869,1.0
IND572101AAA,0.0033738191632928472,0.0016830368655238054,0.0016474781635554092,0.3
IND562117AAA,0.001349527665317139,0.00040914106801309615,0.000271019400693872,0.0
IND000000ACS,0.0006747638326585695,0.0,0.00039428425311776075,0.0
IND560066AAB,0.0006747638326585695,0.0,0.00046918989058899714,0.0
IND570020AAA,0.0033738191632928472,0.0029596663450034214,0.0013698423405598802,0.0
IND573201AAB,0.006072874493927126,0.012080869602458895,0.0023463221445350676,0.047619047619047616
IND577002AAA,0.004723346828609986,0.00329135309056415,0.002439689165263637,0.26666666666666666
IND577501AAA,0.0020242914979757085,0.0004082298406901271,0.0007180607546810937,0.6666666666666666
IND577598AAC,0.001349527665317139,0.0,0.0003691976127973187,1.0
IND583101AAA,0.0033738191632928472,0.0041342383643105055,0.0011295944578593035,0.16666666666666666
IND562132AAC,0.0006747638326585695,0.0,0.000146482914698331,0.0
IND562159AAA,0.0006747638326585695,0.0,0.000146482914698331,0.0
IND563131AAA,0.001349527665317139,0.0006166730908192936,0.0005650409808800735,0.0
IND571301AAA,0.001349527665317139,0.002114047389288158,0.0007273581147602248,0.0
IND571602AAA,0.0006747638326585695,0.0,0.0007372866100302545,0.0
IND571104AAA,0.001349527665317139,0.002058462522587047,0.0006899487269503275,0.0
IND577598AAB,0.001349527665317139,0.0020475277947114186,0.0007332423426072771,0.0
IND571105AAA,0.0006747638326585695,0.0,0.000146482914698331,0.0
IND571213AAA,0.001349527665317139,4.100522953360652e-06,0.000271019400693872,0.0
IND571111AAB,0.001349527665317139,0.0016930603660764646,0.000764419968742764,0.0
IND571313AAB,0.001349527665317139,0.0012720733428647712,0.000795066442611832,0.0
IND571114AAA,0.001349527665317139,7.28981858375227e-06,0.0003768913014107838,0.0
IND571124AAA,0.001349527665317139,9.112273229690338e-06,0.000866196685252929,0.0
IND571440AAA,0.001349527665317139,0.0008510863196530775,0.0008189594442809866,0.0
IND571401AAA,0.001349527665317139,4.5561366148451686e-07,0.00027101940069387207,0.0
IND562160AAB,0.0006747638326585695,0.0,0.0003768913014107838,0.0
IND571426AAA,0.001349527665317139,0.0020693972504626755,0.0006392390573062957,0.0
IND571430AAA,0.001349527665317139,0.0004300992964413839,0.0008464864367350723,0.0
IND571432AAB,0.001349527665317139,0.002080331978338304,0.0005798807879328838,0.0
IND571438AAB,0.0006747638326585695,0.0,0.000146482914698331,0.0
IND572201AAB,0.001349527665317139,0.0,0.00041230850620889415,0.0
IND573103AAA,0.001349527665317139,0.001256126864712813,0.0006666007777036663,0.0
IND577116AAA,0.001349527665317139,0.0012451921368371846,0.0007127731981359756,0.0
IND573116AAA,0.001349527665317139,0.0020912667062139324,0.0005101341738970076,0.0
IND573134AAB,0.0020242914979757085,0.0016301856807916014,0.0011452013753625347,0.0
IND573142AAA,0.001349527665317139,0.0020365930668357905,0.0007705866919739427,0.0
IND574104AAA,0.001349527665317139,0.0008269387955943981,0.0005269762793092105,0.0
IND574216AAA,0.0020242914979757085,0.0008160040677187697,0.0005945500893715154,0.3333333333333333
IND574202AAA,0.001349527665317139,0.0012451921368371846,0.0006464613865805976,0.0
IND574239AAA,0.001349527665317139,0.0012342574089615561,0.0006961569841294892,0.0
IND574211AAA,0.001349527665317139,0.001256126864712813,0.0005880979146713835,0.0
IND574221AAA,0.001349527665317139,0.0012233226810859277,0.000738517591049008,0.0
IND574227AAA,0.001349527665317139,0.0008378735234700265,0.00044755312312440407,0.0
IND574117AAA,0.0006747638326585695,0.0,0.0005260840898319621,0.0
IND575014AAA,0.0006747638326585695,0.0,0.000146482914698331,0.0
IND576101AAA,0.0006747638326585695,0.0,0.000146482914698331,0.0
IND576201AAA,0.001349527665317139,0.0004105079089975497,0.000271019400693872,0.0
IND581320AAA,0.0020242914979757085,0.0008201045906721303,0.0003768913014107838,0.0
IND581110AAE,0.002699055330634278,0.0008269387955943981,0.0016809351082029184,0.6666666666666666
IND581115AAC,0.001349527665317139,0.0,0.0008873630451868311,1.0
IND577101AAA,0.001349527665317139,0.0012342574089615561,0.0007521182550071968,0.0
IND577132AAD,0.001349527665317139,0.0012233226810859277,0.000785911174046877,0.0
IND577201AAA,0.0020242914979757085,0.0002038871135143213,0.000354458748858789,0.6666666666666666
IND577401AAA,0.0020242914979757085,0.0002038871135143213,0.00028404819485536054,0.6666666666666666
IND577522AAA,0.001349527665317139,0.0024379887026036496,0.0006285381225017936,0.0
IND577535AAC,0.001349527665317139,0.002448923430479278,0.0005667483516438715,0.0
IND580002AAA,0.001349527665317139,0.0,0.0011128367816752205,1.0
IND581402AAA,0.0020242914979757085,0.0008378735234700265,0.00032664214785712377,0.3333333333333333
IND590016AAA,0.0020242914979757085,0.0004191645685657555,0.0006349916045253246,0.6666666666666666
IND591115AAB,0.0020242914979757085,0.0,0.0003648651894815496,1.0
IND591123AAC,0.001349527665317139,0.001256126864712813,0.0004022373390185084,0.0
IND581119AAB,0.001349527665317139,0.0,0.0007286283091912177,1.0
IND581325AAA,0.0020242914979757085,0.0008160040677187697,0.0005536198089230028,0.3333333333333333
IND581400AAB,0.001349527665317139,0.0,0.00028275409760266214,1.0
IND581314AAA,0.0020242914979757085,0.0008292168639018207,0.0005141948512973983,0.0
IND581334AAA,0.001349527665317139,1.2301568860081956e-05,0.00028602258350103247,0.0
IND581343AAC,0.0006747638326585695,0.0,0.000146482914698331,0.0
IND582101AAB,0.0020242914979757085,0.0012233226810859277,0.0006569651201649392,0.3333333333333333
IND582209AAA,0.001349527665317139,0.0,0.0003425486032923641,1.0
IND583201AAA,0.0033738191632928472,0.0020716753187700982,0.0010982967897708972,0.3333333333333333
IND583119AAA,0.001349527665317139,0.0,0.0004416639103027205,1.0
IND583227AAA,0.001349527665317139,0.0004191645685657555,0.0003960665765028017,1.0
IND583231AAA,0.001349527665317139,0.0004082298406901271,0.00048342890385870885,1.0
IND584123AAA,0.0006747638326585695,0.0,0.00041561739903965393,0.0
IND584128AAA,0.0006747638326585695,0.0,0.000146482914698331,0.0
IND583121AAA,0.0006747638326585695,0.0,0.00027101940069387207,0.0
IND585211AAA,0.002699055330634278,0.00041324159096645677,0.0007460977365296895,0.0
IND585307AAB,0.002699055330634278,0.00041324159096645677,0.000667963690226544,0.0
IND585314AAA,0.002699055330634278,0.00041324159096645677,0.0008665992795027382,0.0
IND585330AAE,0.001349527665317139,0.004085032088870178,0.0005156656349056158,0.0
IND586128AAA,0.002699055330634278,0.00041324159096645677,0.0007274150139711401,0.0
IND585222AAA,0.002699055330634278,4.5561366148451686e-07,0.00051791388763983,0.0
IND586211AAA,0.002699055330634278,4.5561366148451686e-07,0.0005869928478611593,0.0
IND585401AAA,0.001349527665317139,0.00407409736099455,0.0005838033560208616,0.0
IND586101AAA,0.001349527665317139,0.00020388711351432132,0.0003144602102978919,0.0
IND586101AAB,0.0020242914979757085,0.0014354108405069703,0.0005962525241052084,0.3333333333333333
IND587103AAB,0.0020242914979757085,0.0012451921368371846,0.0004884784445472259,0.3333333333333333
IND591302AAB,0.001349527665317139,0.0004082298406901271,0.000686373569290178,1.0
IND591102AAA,0.0006747638326585695,0.0,0.000146482914698331,0.0
IND591307AAC,0.002699055330634278,0.00040959668167458063,0.00027101940069387207,0.16666666666666666
IND591201AAA,0.0020242914979757085,0.0020807875919997883,0.0006224804760432681,0.3333333333333333
IND591304AAA,0.0020242914979757085,0.0004191645685657555,0.00038882992957673486,0.3333333333333333
IND580030AAA,0.0006747638326585695,0.0,0.00022050446767803584,0.0
IND600008AAA,0.0006747638326585695,0.0,0.000146482914698331,0.0
IND600008AAC,0.001349527665317139,0.0,0.0004990108339034474,0.0
IND600016AAA,0.0006747638326585695,0.0,0.000146482914698331,0.0
IND600119AAA,0.0020242914979757085,4.5561366148451686e-07,0.00226245052817038,0.0
IND600016AAB,0.0006747638326585695,0.0,0.000146482914698331,0.0
IND600016AAC,0.0020242914979757085,0.00042007579588872456,0.002395305901651918,0.0
IND600032AAB,0.004048582995951417,1.8224546459380674e-06,0.0009538826775291045,0.6666666666666666
IND600044AAD,0.005398110661268556,0.0024794495457987407,0.0011157063606444513,0.13333333333333333
IND600076AAB,0.002699055330634278,0.0,0.0006196501431731433,1.0
IND600048AAA,0.0006747638326585695,0.0,0.0004880430015177914,0.0
IND603001AAA,0.001349527665317139,0.0004191645685657555,0.0003679855251371041,1.0
IND600044AAE,0.001349527665317139,0.0,0.00037166441233509224,0.0
IND600056AAA,0.001349527665317139,0.00042007579588872456,0.00046665085349084645,0.0
IND602105AAB,0.0006747638326585695,0.0,0.0005433051107635037,0.0
IND600110AAA,0.001349527665317139,0.0,0.0003968590663837965,0.0
IND600116AAB,0.004048582995951417,0.0024908398873358536,0.0009932162444941217,0.16666666666666666
IND605010AAB,0.0033738191632928472,0.007410100590384182,0.0009702811701504289,0.0
IND605601AAA,0.004048582995951417,0.004946141909075915,0.001417837249512408,0.0
IND631501AAA,0.001349527665317139,0.0004191645685657555,0.00041462082017074955,1.0
IND635802AAB,0.004048582995951417,0.0012356242499460097,0.0010937551427249459,0.3
IND602024AAA,0.0020242914979757085,0.0004191645685657555,0.000449723545548644,1.0
IND602001AAA,0.001349527665317139,0.0,0.00033032478864978914,1.0
IND602001AAB,0.0006747638326585695,0.0,0.000146482914698331,0.0
IND609001AAA,0.001349527665317139,9.112273229690337e-07,0.00027101940069387207,0.0
IND603301AAA,0.001349527665317139,0.0004082298406901271,0.0004594318089203276,1.0
IND603102AAA,0.001349527665317139,0.0004082298406901271,0.00046229335369633146,0.0
IND603203AAA,0.0006747638326585695,0.0,0.000146482914698331,0.0
IND604303AAA,0.001349527665317139,0.0004191645685657555,0.0003705630477225246,0.0
IND607001AAA,0.001349527665317139,0.00292321725208466,0.0004547780186769471,0.0
IND607106AAA,0.001349527665317139,0.0016739245922941148,0.0006241234579064723,0.0
IND636102AAA,0.001349527665317139,0.0,0.0004979102321872632,0.0
IND606003AAA,0.001349527665317139,0.0016520551365428581,0.0007224769107098049,0.0
IND606105AAA,0.001349527665317139,0.0016411204086672296,0.0007588028069968994,0.0
IND606201AAC,0.001349527665317139,0.0016301856807916014,0.0007940904664586509,0.0
IND606801AAB,0.001349527665317139,0.0008160040677187697,0.0004631922635915198,0.0
IND606803AAA,0.001349527665317139,0.0008269387955943981,0.00037240472106526957,0.0
IND608001AAA,0.001349527665317139,0.0029122825242090316,0.0005341789339976452,0.0
IND607801AAA,0.001349527665317139,0.0016629898644184866,0.0006759262068206341,0.0
IND609110AAA,0.001349527665317139,0.002901347796333403,0.0006006129765443837,0.0
IND608301AAA,0.001349527665317139,2.2780683074225845e-06,0.0005153307527559781,0.0
IND639104AAB,0.0006747638326585695,0.0,0.0005851442522569532,0.0
IND614018AAA,0.001349527665317139,9.112273229690337e-07,0.0003768913014107839,0.0
IND609602AAA,0.001349527665317139,0.002890413068457775,0.0006563906873063525,0.0
IND611001AAA,0.001349527665317139,0.0028794783405821467,0.0007059114792781803,0.0
IND610001AAA,0.002699055330634278,0.0036854589077482567,0.0013424194934183074,0.16666666666666666
IND614715AAA,0.001349527665317139,0.0004191645685657555,0.0006482385250657095,1.0
IND613104AAA,0.0006747638326585695,0.0,0.0004669179723135894,0.0
IND614602AAA,0.0006747638326585695,0.0,0.000146482914698331,0.0
IND614804AAA,0.001349527665317139,1.8224546459380674e-06,0.00027101940069387207,0.0
IND614616AAA,0.001349527665317139,2.733681968907101e-06,0.0003768913014107839,0.0
IND630002AAA,0.001349527665317139,2.733681968907101e-06,0.0004669179723135894,0.0
IND614620AAA,0.001349527665317139,1.1390341537112922e-05,0.000598784897817859,0.0
IND630561AAA,0.0020242914979757085,1.6402091813442608e-05,0.0006555589875552202,0.0
IND614809AAA,0.001349527665317139,0.0004082298406901271,0.0006971626215647856,1.0
IND620020AAA,0.0006747638326585695,0.0,0.000146482914698331,0.0
IND621112AAA,0.0006747638326585695,0.0,0.00027101940069387207,0.0
IND621010AAA,0.001349527665317139,2.2780683074225845e-06,0.00027101940069387207,0.0
IND621212AAA,0.0020242914979757085,4.100522953360652e-06,0.0006195769786900334,0.3333333333333333
IND621211AAA,0.0006747638326585695,0.0,0.000146482914698331,0.0
IND621704AAA,0.001349527665317139,4.100522953360652e-06,0.0006735983279672272,1.0
IND621306AAA,0.0006747638326585695,0.0,0.000146482914698331,0.0
IND625106AAA,0.001349527665317139,2.733681968907101e-06,0.00027101940069387207,0.0
IND621802AAA,0.0020242914979757085,4.100522953360652e-06,0.000719249092123156,0.3333333333333333
IND622407AAA,0.001349527665317139,1.8224546459380674e-06,0.0005434586560380008,0.0
IND622001AAA,0.0006747638326585695,0.0,0.0006085532596891834,0.0
IND623315AAB,0.001349527665317139,6.3785912607832356e-06,0.0005306064593772945,0.0
IND623407AAA,0.001349527665317139,1.3668409844535506e-06,0.00045173038177352513,0.0
IND623503AAA,0.001349527665317139,2.0502614766803258e-05,0.0004854366964662881,0.0
IND623526AAA,0.001349527665317139,2.186945575125681e-05,0.0005601740318062315,0.0
IND623704AAA,0.001349527665317139,2.2325069412741326e-05,0.0006227342775062204,0.0
IND623701AAA,0.001349527665317139,1.8224546459380676e-05,0.0003986154237825461,0.0
IND626607AAB,0.001349527665317139,2.186945575125681e-05,0.0006759515562423842,0.0
IND624001AAA,0.002699055330634278,1.0934727875628405e-05,0.0006409604614794765,0.16666666666666666
IND624619AAA,0.001349527665317139,3.644909291876135e-06,0.00041915430067410056,1.0
IND625008AAA,0.004723346828609986,4.6016979809936203e-05,0.00468763154767144,0.0
IND624101AAA,0.001349527665317139,3.644909291876135e-06,0.00020414206656883355,0.0
IND624202AAA,0.001349527665317139,2.2780683074225845e-06,0.0003200849435966387,0.0
IND625218AAA,0.0006747638326585695,0.0,0.0004186870485794273,0.0
IND624601AAA,0.0020242914979757085,7.28981858375227e-06,0.0005031047096661558,0.3333333333333333
IND626123AAA,0.001349527665317139,2.870366067352456e-05,0.002234818890354255,0.0
IND685514AAA,0.0020242914979757085,6.834204922267753e-06,0.0023426491162311354,0.0
IND625516AAA,0.001349527665317139,5.467363937814202e-06,0.0003768913014107839,0.0
IND625531AAA,0.001349527665317139,3.1892956303916178e-06,0.00027101940069387207,0.0
IND625532AAA,0.0006747638326585695,0.0,0.000146482914698331,0.0
IND626117AAA,0.001349527665317139,1.2301568860081956e-05,0.0018757325512719317,0.0
IND626138AAA,0.001349527665317139,4.100522953360652e-06,0.0017354624922707937,0.0
IND627756AAA,0.001349527665317139,2.0502614766803258e-05,0.002043839414092689,0.0
IND627005AAA,0.004048582995951417,1.9591387443834224e-05,0.0013290967199975161,0.06666666666666667
IND627117AAA,0.001349527665317139,3.644909291876135e-06,0.000574368818418321,0.0
IND627811AAA,0.001349527665317139,2.733681968907101e-06,0.00045520095774873514,1.0
IND628801AAA,0.001349527665317139,6.834204922267753e-06,0.000543559763115732,0.0
IND629001AAA,0.0006747638326585695,0.0,0.0006343035930462823,0.0
IND627401AAA,0.001349527665317139,3.1892956303916178e-06,0.0005331275560669354,1.0
IND627657AAA,0.001349527665317139,7.745432245236787e-06,0.0006641465279340317,0.0
IND628613AAA,0.001349527665317139,8.201045906721304e-06,0.0007123177382633097,0.0
IND628204AAA,0.001349527665317139,7.28981858375227e-06,0.0006081460527407102,0.0
IND629179AAA,0.0006747638326585695,0.0,0.000146482914698331,0.0
IND631003AAA,0.001349527665317139,0.0004082298406901271,0.0004993081651956558,1.0
IND631102AAA,0.001349527665317139,0.0004082298406901271,0.0005263145302779049,0.0
IND632301AAA,0.001349527665317139,0.0008378735234700265,0.00026570931288824996,0.0
IND632402AAA,0.001349527665317139,0.0004191645685657555,0.00044670309119165233,0.0
IND636705AAB,0.002699055330634278,0.0004086854543516116,0.0004393339020420299,0.3333333333333333
IND635207AAA,0.0006747638326585695,0.0,0.000146482914698331,0.0
IND635601AAB,0.001349527665317139,0.0,0.0006998758441322754,0.0
IND636016AAA,0.001349527665317139,0.0,0.000146482914698331,1.0
IND636402AAA,0.001349527665317139,0.0,0.0003880197428240633,1.0
IND637211AAA,0.001349527665317139,0.0,0.00019676663978179793,1.0
IND636352AAA,0.0006747638326585695,0.0,0.000146482914698331,0.0
IND637301AAA,0.0006747638326585695,0.0,0.000146482914698331,0.0
IND638001AAA,0.0006747638326585695,0.0,0.000271019400693872,0.0
IND637408AAA,0.0006747638326585695,0.0,0.000146482914698331,0.0
IND637001AAA,0.0006747638326585695,0.0,0.00027101940069387207,0.0
IND638401AAA,0.001349527665317139,1.5035250828989056e-05,0.0005048844000084551,0.0
IND638452AAA,0.001349527665317139,1.4124023506020022e-05,0.0005748466150847466,0.0
IND638501AAB,0.001349527665317139,1.3212796183050988e-05,0.0006343825943913124,0.0
IND641062AAD,0.010121457489878543,0.00010980289241776857,0.004210703331125598,0.045454545454545456
IND638657AAA,0.001349527665317139,2.004700110531874e-05,0.0009077421553156287,0.0
IND638701AAA,0.001349527665317139,1.9135773782349707e-05,0.000916675624883726,0.0
IND641607AAA,0.0033738191632928472,5.011750276329686e-05,0.0012827347591327155,0.16666666666666666
IND639001AAA,0.0006747638326585695,0.0,0.000146482914698331,0.0
IND641001AAA,0.0020242914979757085,6.834204922267753e-06,0.0013877532765654238,1.0
IND641006AAD,0.0006747638326585695,0.0,0.000146482914698331,0.0
IND641008AAA,0.001349527665317139,0.0,0.0006147646907722586,1.0
IND641011AAA,0.0006747638326585695,0.0,0.000146482914698331,0.0
IND642001AAA,0.0020242914979757085,6.834204922267753e-06,0.000803096329837449,1.0
IND642126AAA,0.001349527665317139,0.0,0.0004301212345609796,1.0
IND643217AAA,0.0020242914979757085,2.0958228428287775e-05,0.0012788025831891243,0.3333333333333333
IND643231AAA,0.001349527665317139,0.0,0.0007027742248126425,1.0
IND641654AAA,0.001349527665317139,0.0,0.000503151423614845,1.0
IND641664AAA,0.0020242914979757085,2.0958228428287775e-05,0.0008976420816947581,0.3333333333333333
IND643001AAA,0.001349527665317139,2.004700110531874e-05,0.001231106635848455,0.0
IND643212AAA,0.001349527665317139,1.9135773782349707e-05,0.0011907698676662623,0.0
IND670643AAA,0.001349527665317139,0.0016452209316205903,0.0007975192759543662,0.0
IND670645AAB,0.001349527665317139,0.00040959668167458063,0.0005684626205999381,1.0
IND673592AAA,0.002699055330634278,0.001228790045023742,0.0007536331562202305,0.16666666666666666
IND673027AAB,0.001349527665317139,0.0,0.000146482914698331,1.0
IND673104AAA,0.002699055330634278,0.0008260275682714291,0.0007266636214253918,0.3333333333333333
IND673305AAA,0.0020242914979757085,0.0,0.0003998604150982737,0.6666666666666666
IND673506AAA,0.001349527665317139,0.0012356242499460097,0.000764589559376898,0.0
IND673121AAA,0.001349527665317139,9.112273229690337e-07,0.0004954215119384162,1.0
IND673573AAA,0.0006747638326585695,0.0,0.000146482914698331,0.0
IND676306AAA,0.001349527665317139,6.3785912607832356e-06,0.00031688223948208617,0.0
IND676509AAA,0.001349527665317139,3.644909291876135e-06,0.0004158772250584114,0.0
IND679322AAA,0.0006747638326585695,0.0,0.0005003734148633701,0.0
IND678683AAA,0.001349527665317139,0.0004191645685657555,0.0005395788747258937,0.0
IND679303AAA,0.001349527665317139,0.0012451921368371846,0.0005543134625933461,0.0
IND679531AAA,0.001349527665317139,0.0012342574089615561,0.000618346696622074,0.0
IND679329AAA,0.0006747638326585695,0.0,0.000146482914698331,0.0
IND673639AAA,0.0006747638326585695,0.0,0.000271019400693872,0.0
IND680587AAA,0.0020242914979757085,0.0012233226810859277,0.0006723289207120003,0.3333333333333333
IND680012AAA,0.001349527665317139,0.001256126864712813,0.0004801775754557924,0.0
IND68004AAA,0.002699055330634278,0.0008378735234700265,0.0007889138043998239,0.3333333333333333
IND680104AAA,0.001349527665317139,0.00042007579588872456,0.0004975431236052877,0.0
IND679576AAA,0.0006747638326585695,0.0,0.0005690561517967465,0.0
IND680307AAA,0.0020242914979757085,0.00040959668167458063,0.00027101940069387207,0.3333333333333333
IND680712AAA,0.001349527665317139,0.0,0.0002585696221364277,1.0
IND000000ADM,0.0006747638326585695,0.0,0.0005035139306524795,0.0
IND686028AAB,0.0020242914979757085,0.0016830368655238054,0.0019604246474009728,0.0
IND683572AAA,0.0006747638326585695,0.0,0.000146482914698331,0.0
IND689101AAA,0.0020242914979757085,0.0012629610696350806,0.001815481099791431,0.3333333333333333
IND686507AAA,0.0006747638326585695,0.0,0.000146482914698331,0.0
IND686513AAA,0.001349527665317139,4.5561366148451686e-07,0.00027101940069387207,0.0
IND686540AAA,0.0006747638326585695,0.0,0.0003768913014107839,0.0
IND688009AAA,0.001349527665317139,2.733681968907101e-06,0.0015664162346827638,0.0
IND688524AAA,0.0006747638326585695,0.0,0.000146482914698331,0.0
IND689650AAA,0.001349527665317139,0.0,0.0009334012550614192,1.0
IND690548AAA,0.0020242914979757085,0.0004228094778576316,0.0016888552574963963,0.3333333333333333
IND689503AAB,0.0006747638326585695,0.0,0.000146482914698331,0.0
IND689645AAA,0.001349527665317139,0.0008237494999640064,0.0007015299397345444,0.0
IND691551AAA,0.001349527665317139,0.0012301568860081955,0.0007445181132542108,0.0
IND691001AAB,0.002699055330634278,0.004105079089975497,0.0010655713182601164,0.0
IND691506AAA,0.001349527665317139,1.0934727875628405e-05,0.0005957118711783488,0.0
IND691305AAA,0.001349527665317139,0.00041734211391981744,0.0006577667915508105,0.0
IND691574AAA,0.001349527665317139,0.0008269387955943981,0.0007315736968836318,0.0
IND695614AAA,0.001349527665317139,0.0012379023182534322,0.0007741958583297598,0.0
IND695012AAA,0.0020242914979757085,0.0020598293635715006,0.0008272553013396453,0.0
IND695101AAB,0.0020242914979757085,0.0004159752729353639,0.0006880116676069835,0.0
IND695572AAB,0.001349527665317139,9.112273229690337e-07,0.0003768913014107839,0.0
IND695541AAA,0.0006747638326585695,0.0,0.0004669179723135894,0.0
IND695582AAA,0.0006747638326585695,0.0,0.000146482914698331,0.0
IND695609AAA,0.001349527665317139,0.0016488658409124664,0.000800747092961947,0.0
IND700026AAC,0.001349527665317139,0.0,0.00043339441182825426,0.0
IND700028AAB,0.001349527665317139,0.0,0.0005280028325932688,0.0
IND700053AAA,0.004048582995951417,0.0024794495457987407,0.0010463045230708387,0.1
IND700144AAA,0.0006747638326585695,0.0,0.0003671049499393221,0.0
IND743513AAA,0.001349527665317139,0.0004191645685657555,0.0003972422083480589,1.0
IND700065AAA,0.001349527665317139,0.0,0.0005289377359794873,0.0
IND700065AAB,0.0006747638326585695,0.0,0.000146482914698331,0.0
IND712310AAA,0.001349527665317139,0.0,0.0003955558866894132,0.0
IND700088AAA,0.001349527665317139,0.0,0.0005970096368465857,0.0
IND700136AAG,0.0006747638326585695,0.0,0.000146482914698331,0.0
IND711303AAA,0.001349527665317139,5.467363937814202e-06,0.00044125542315915614,0.0
IND721134AAB,0.001349527665317139,4.556136614845169e-06,0.0005218445728271385,0.0
IND712103AAA,0.001349527665317139,0.0,0.00030670308183842034,1.0
IND712310AAE,0.0033738191632928472,6.834204922267753e-06,0.0008884787244653969,0.16666666666666666
IND712124AAA,0.0020242914979757085,9.112273229690337e-07,0.0006074844117242461,1.0
IND712410AAC,0.001349527665317139,0.00042007579588872456,0.0005607012983044818,0.0
IND713103AAA,0.001349527665317139,0.0,0.0003852179435891275,1.0
IND713145AAB,0.0006747638326585695,0.0,0.00033531072511841254,0.0
IND713205AAB,0.009446693657219972,0.012289267291221873,0.002496775086564805,0.045454545454545456
IND721306AAA,0.0033738191632928472,0.0020621074318789233,0.0007060510669578546,0.1
IND732103AAB,0.004723346828609986,0.0033888544141218364,0.0016236527564092642,0.0
IND742101AAC,0.0067476383265856945,0.00696405481579084,0.0019035875534846114,0.027777777777777776
IND742102AAB,0.006072874493927126,0.005710661633046934,0.0019422345330255303,0.0
IND743235AAA,0.001349527665317139,0.0004191645685657555,0.00041357027190088553,1.0
IND826004AAA,0.008771929824561403,0.008651495946709001,0.002359368491096215,0.06060606060606061
IND712406AAA,0.0006747638326585695,0.0,0.0006234161422912153,0.0
IND713128AAB,0.0020242914979757085,0.00041005229533606517,0.00027101940069387207,0.3333333333333333
IND731204AAB,0.001349527665317139,0.0,0.00024701160245901757,1.0
IND731301AAA,0.0020242914979757085,0.0012274232040392883,0.0004863709291224892,0.3333333333333333
IND713130AAA,0.0020242914979757085,1.3668409844535506e-06,0.0006573060583066616,0.3333333333333333
IND741123AAB,0.0020242914979757085,0.0012451921368371846,0.0010308974696888829,0.3333333333333333
IND713148AAA,0.0006747638326585695,0.0,0.000146482914698331,0.0
IND713303AAA,0.001349527665317139,0.0004191645685657555,0.00037758579148875057,0.0
IND722101AAA,0.001349527665317139,0.0,0.00035710014496851913,1.0
IND722101AAC,0.001349527665317139,0.0,0.0007414733017226268,1.0
IND722122AAA,0.0020242914979757085,0.0004082298406901271,0.0006372913048573872,1.0
IND722143AAB,0.001349527665317139,0.0004191645685657555,0.0004913188726844944,0.0
IND722202AAA,0.001349527665317139,0.0,0.00047419766653758575,1.0
IND723130AAA,0.0033738191632928472,0.004124670477419331,0.001635348611709031,0.0
IND713364AAB,0.001349527665317139,0.0004082298406901271,0.0004675262130362204,0.0
IND721102AAA,0.001349527665317139,0.0016310969081145704,0.00046472505524370255,1.0
IND721139AAC,0.0020242914979757085,2.733681968907101e-06,0.0029326033119898526,0.0
IND721602AAB,0.0020242914979757085,4.5561366148451686e-07,0.002707836166762782,0.0
IND721212AAA,0.0006747638326585695,0.0,0.000146482914698331,0.0
IND721253AAC,0.001349527665317139,0.00040914106801309615,0.00027101940069387207,0.0
IND721507AAA,0.0006747638326585695,0.0,0.00042863121072467573,0.0
IND721401AAA,0.0006747638326585695,0.0,0.000146482914698331,0.0
IND721501AAC,0.0006747638326585695,0.0,0.000146482914698331,0.0
IND721636AAB,0.0006747638326585695,0.0,0.000146482914698331,0.0
IND722101AAB,0.0006747638326585695,0.0,0.000146482914698331,0.0
IND722140AAA,0.001349527665317139,0.0008269387955943981,0.0008851855397310994,0.0
IND722151AAA,0.001349527665317139,0.0008160040677187697,0.0008991582377331712,0.0
IND723133AAA,0.001349527665317139,0.0004082298406901271,0.0005642334697958023,0.0
IND723101AAA,0.001349527665317139,0.002856242043846436,0.000813632284306212,0.0
IND723202AAA,0.001349527665317139,0.0028453073159708077,0.0008378213590351882,0.0
IND723131AAA,0.001349527665317139,0.0008378735234700265,0.0008693818857820817,0.0
IND731224AAA,0.001349527665317139,0.0016629898644184866,0.0009661406944972973,0.0
IND742147AAA,0.001349527665317139,0.0016520551365428581,0.0009695038625215088,0.0
IND731237AAB,0.0020242914979757085,0.0016739245922941148,0.0009649495919075053,0.0
IND732123AAC,0.001349527665317139,0.0,0.0010669466257398578,0.0
IND732202AAA,0.001349527665317139,0.0008478970240226859,0.0007991766712186171,0.0
IND733128AAA,0.0020242914979757085,0.001271162115541802,0.0004674382507520383,0.3333333333333333
IND732138AAA,0.001349527665317139,0.0,0.000146482914698331,0.0
IND733124AAA,0.0006747638326585695,0.0,0.00019890175732916197,0.0
IND733140AAA,0.001349527665317139,4.556136614845169e-06,0.0002186005580630411,0.0
IND732139AAA,0.001349527665317139,5.011750276329685e-06,0.0003366227380217014,0.0
IND732204AAB,0.0020242914979757085,0.0004269100008109923,0.0008265639884537442,0.0
IND733102AAA,0.001349527665317139,8.201045906721304e-06,0.0003323285978918692,0.0
IND733129AAB,0.0020242914979757085,0.0004291880691184149,0.0006433156544187189,0.3333333333333333
IND733134AAA,0.001349527665317139,0.0,0.0003169443333519926,1.0
IND733129AAA,0.001349527665317139,8.201045906721304e-06,0.0006935814487755662,0.0
IND735224AAA,0.0006747638326585695,0.0,0.000146482914698331,0.0
IND736146AAA,0.001349527665317139,1.3668409844535506e-06,0.00027101940069387207,0.0
IND736135AAA,0.0020242914979757085,1.8224546459380674e-06,0.0003768913014107839,0.0
IND736101AAA,0.0006747638326585695,0.0,0.0002909279111759195,0.0
IND736165AAA,0.0006747638326585695,0.0,0.00032247297583600095,0.0
IND741126AAB,0.001349527665317139,0.0012342574089615561,0.0010236351416446933,0.0
IND741156AAA,0.0020242914979757085,0.0012233226810859277,0.0010180812461468927,0.0
IND741165AAB,0.001349527665317139,0.0012451921368371846,0.0009178229576785867,0.0
IND742121AAB,0.001349527665317139,0.0012342574089615561,0.0009283147131382894,0.0
IND742303AAB,0.0020242914979757085,0.001256126864712813,0.0009080646179389736,0.0
IND742121AAA,0.0020242914979757085,0.0012233226810859277,0.0009367045470077349,0.0
IND742137AAA,0.001349527665317139,0.0016411204086672296,0.0009717901257342091,0.0
IND742401AAA,0.0020242914979757085,0.0016301856807916014,0.0009713419330640746,0.0
IND742148AAA,0.001349527665317139,0.0,0.00019852747667581378,1.0
IND742225AAA,0.0020242914979757085,0.0008201045906721303,0.0003877558419270098,0.3333333333333333
IND742149AAA,0.001349527665317139,0.0,0.000146482914698331,1.0
IND742202AAA,0.0006747638326585695,0.0,0.000146482914698331,0.0
IND742223AAA,0.001349527665317139,0.001228790045023742,0.00047614138332081825,0.0
IND742226AAA,0.0020242914979757085,0.0016365642720523846,0.0005513087663894336,0.0
IND743270AAA,0.001349527665317139,0.0004082298406901271,0.0004982442611180251,1.0
IND743347AAA,0.001349527665317139,0.0004082298406901271,0.0004842850747691326,1.0
IND743395AAA,0.0006747638326585695,0.0,0.000146482914698331,0.0
IND754103AAA,0.0006747638326585695,0.0,0.0009735708775142175,0.0
IND756100AAC,0.0033738191632928472,0.0016830368655238054,0.0011374383542942683,0.3333333333333333
IND760003AAB,0.001349527665317139,0.0004191645685657555,0.0003139248298051288,1.0
IND751014AAA,0.0006747638326585695,0.0,0.000146482914698331,0.0
IND751015AAA,0.0020242914979757085,0.0,0.000146482914698331,0.0
IND752055AAA,0.0006747638326585695,0.0,0.0001847367651908573,0.0
IND752056AAA,0.0006747638326585695,0.0,0.00019147709852933889,0.0
IND752050AAA,0.0006747638326585695,0.0,0.000146482914698331,0.0
IND754022AAA,0.001349527665317139,0.0004082298406901271,0.00041345176094191203,1.0
IND756019AAA,0.001349527665317139,1.3668409844535506e-06,0.0009665746135737389,0.0
IND757025AAA,0.001349527665317139,1.3668409844535506e-06,0.0009665746135737389,0.0
IND756029AAA,0.0006747638326585695,0.0,0.000146482914698331,0.0
IND756032AAA,0.0006747638326585695,0.0,0.000146482914698331,0.0
IND758001AAA,0.0020242914979757085,0.0006317083416482826,0.0006483286292994322,0.3333333333333333
IND758034AAA,0.0020242914979757085,0.00021026570477510452,0.0006119628020940644,1.0
IND757001AAA,0.001349527665317139,1.3668409844535506e-06,0.0009665746135737389,0.0
IND757041AAA,0.001349527665317139,1.3668409844535506e-06,0.0009665746135737389,0.0
IND757037AAA,0.0020242914979757085,9.112273229690337e-07,0.0006713073019200054,0.6666666666666666
IND758035AAA,0.0006747638326585695,0.0,0.0004327634398335762,0.0
IND759122AAC,0.001349527665317139,1.3668409844535506e-06,0.000457960331953774,0.0
IND767017AAA,0.002699055330634278,2.733681968907101e-06,0.0007272729133075036,0.0
IND762001AAA,0.001349527665317139,9.112273229690337e-07,0.0003660882874588783,0.0
IND764059AAA,0.001349527665317139,0.0012456477504986692,0.0005098489936070863,0.0
IND764071AAB,0.0020242914979757085,0.0012347130226230407,0.0005802370356018521,0.0
IND764073AAA,0.0006747638326585695,0.0,0.0003318361880178341,0.0
IND767001AAA,0.0020242914979757085,1.3668409844535506e-06,0.0004831398661225625,0.0
IND768004AAD,0.0006747638326585695,0.0,0.0004286854474992688,0.0
IND768216AAA,0.0006747638326585695,0.0,0.000146482914698331,0.0
IND770001AAA,0.001349527665317139,4.5561366148451686e-07,0.000271019400693872,0.0
IND770017AAB,0.0006747638326585695,0.0,0.0003768913014107838,0.0
IND781001AAA,0.0006747638326585695,0.0,0.000146482914698331,0.0
IND781003AAA,0.001349527665317139,0.0,0.0004510251834771136,0.0
IND781005AAA,0.001349527665317139,0.0,0.00031324073206345717,0.0
IND781014AAA,0.001349527665317139,0.0,0.000146482914698331,0.0
IND781102AAA,0.0006747638326585695,0.0,0.00020867437811164069,0.0
IND781124AAA,0.001349527665317139,0.00040914106801309615,0.0002088279372805624,0.0
IND781022AAA,0.001349527665317139,0.0,0.00028629277990282874,0.0
IND781354AAA,0.0006747638326585695,0.0,0.00039277854630229126,0.0
IND784001AAA,0.0020242914979757085,0.00042053140955020904,0.000568253926107278,0.0
IND784125AAA,0.001349527665317139,0.0004191645685657555,0.0004140056598590658,1.0
IND784168AAB,0.0020242914979757085,0.0012356242499460097,0.0007262721068135025,0.3333333333333333
IND785001AAA,0.004048582995951417,0.00785569075131604,0.0015204050985517315,0.1
IND785612AAB,0.0020242914979757085,0.00725245826351054,0.0008895553427396189,0.0
IND785621AAA,0.001349527665317139,0.0,0.00044620335642087865,1.0
IND788026AAC,0.002699055330634278,0.002478082704814287,0.0012490274257507283,0.0
IND793001AAA,0.001349527665317139,0.0,0.00046206061920824135,0.0
IND781335AAA,0.0006747638326585695,0.0,0.000146482914698331,0.0
IND783301AAA,0.0020242914979757085,4.556136614845169e-06,0.0006679951420335418,0.0
IND783348AAA,0.001349527665317139,2.733681968907101e-06,0.0007144251604060952,0.0
IND783129AAA,0.0006747638326585695,0.0,0.0007539408030168968,0.0
IND783370AAB,0.0006747638326585695,0.0,0.000146482914698331,0.0
IND791111AAC,0.0006747638326585695,0.0,0.000629638156195687,0.0
IND784110AAA,0.001349527665317139,0.0004082298406901271,0.0004985014952747638,1.0
IND784176AAA,0.001349527665317139,0.0012246895220703812,0.0007640062717462861,1.0
IND785112AAC,0.001349527665317139,0.00042007579588872456,0.0004961155610794726,0.0
IND785682AAA,0.002699055330634278,0.006993669703787334,0.001063186458281019,0.0
IND798601AAA,0.001349527665317139,0.0,0.0007389178914000455,0.0
IND785634AAA,0.0006747638326585695,0.0,0.0005683742043130658,0.0
IND785675AAA,0.001349527665317139,0.006851973855065649,0.00048694000425227924,0.0
IND785690AAB,0.001349527665317139,0.0,0.0006647121909455361,0.0
IND786001AAB,0.008771929824561403,0.011050909359306957,0.002530290201004856,0.09090909090909091
IND786125AAA,0.0020242914979757085,0.0,0.0007595165781593805,1.0
IND786171AAA,0.001349527665317139,0.0012547600237283595,0.00045966486914115383,1.0
IND786184AAA,0.0020242914979757085,0.0,0.0005308868310446228,1.0
IND786190AAA,0.0033738191632928472,0.0008160040677187697,0.001210085890865463,0.6666666666666666
IND786602AAA,0.0006747638326585695,0.0,0.0003719719675064261,0.0
IND792103AAB,0.0020242914979757085,0.0004191645685657555,0.0009074724468039606,0.6666666666666666
IND786181AAC,0.004048582995951417,0.002061196204555954,0.0016168807731698428,0.16666666666666666
IND792120AAB,0.001349527665317139,0.0,0.0007454216507651078,0.0
IND792121AAB,0.001349527665317139,0.0,0.0005281334781097693,0.0
IND787001AAA,0.0006747638326585695,0.0,0.000146482914698331,0.0
IND787057AAA,0.001349527665317139,4.5561366148451686e-07,0.00027101940069387207,0.0
IND787059AAB,0.0006747638326585695,0.0,0.0003768913014107839,0.0
IND788151AAA,0.001349527665317139,0.0008378735234700265,0.0007371355978886043,0.0
IND788121AAA,0.0006747638326585695,0.0,0.000146482914698331,0.0
IND796081AAA,0.0006747638326585695,0.0,0.00027101940069387207,0.0
IND788713AAA,0.001349527665317139,0.0008269387955943981,0.0007733650921195288,0.0
IND788806AAA,0.001349527665317139,0.0008160040677187697,0.000804627448064358,0.0
IND790001AAB,0.0006747638326585695,0.0,0.000146482914698331,0.0
IND791102AAA,0.001349527665317139,0.00040914106801309615,0.00027101940069387207,0.0
IND791125AAB,0.0006747638326585695,0.0,0.000146482914698331,0.0
IND792001AAA,0.001349527665317139,0.0004082298406901271,0.0009177151472634971,1.0
IND792110AAA,0.0006747638326585695,0.0,0.000146482914698331,0.0
IND792130AAB,0.0006747638326585695,0.0,0.000146482914698331,0.0
IND793150AAA,0.0006747638326585695,0.0,0.000146482914698331,0.0
IND794101AAA,0.0006747638326585695,0.0,0.000146482914698331,0.0
IND796009AAA,0.001349527665317139,0.0,0.0009665746135737389,0.0
IND796321AAB,0.001349527665317139,0.0,0.0009665746135737389,0.0
IND799250AAA,0.0006747638326585695,0.0,0.000146482914698331,0.0
IND799008AAA,0.0006747638326585695,0.0,0.00027101940069387207,0.0
IND801103AAA,0.0006747638326585695,0.0,0.000146482914698331,0.0
IND802301AAA,0.001349527665317139,4.5561366148451686e-07,0.00027101940069387207,0.0
IND802101AAA,0.001349527665317139,0.0008378735234700265,0.000663099665452248,0.0
IND802119AAA,0.001349527665317139,0.0008269387955943981,0.0007106469357271561,0.0
IND802158AAB,0.001349527665317139,0.0008160040677187697,0.0007515461142687611,0.0
IND802212AAA,0.001349527665317139,0.0008160040677187697,0.0007765376806736339,0.0
IND802213AAB,0.001349527665317139,0.0008269387955943981,0.0007399725452165497,0.0
IND804401AAA,0.0006747638326585695,0.0,0.0003768913014107839,0.0
IND803101AAA,0.001349527665317139,2.733681968907101e-06,0.0003768913014107839,0.0
IND805110AAD,0.001349527665317139,2.733681968907101e-06,0.0004669179723135894,0.0
IND803116AAA,0.001349527665317139,1.8224546459380674e-06,0.0005434586560380008,0.0
IND803108AAB,0.0006747638326585695,0.0,0.0006085532596891834,0.0
IND803213AAA,0.0006747638326585695,0.0,0.000146482914698331,0.0
IND811105AAA,0.001349527665317139,4.5561366148451686e-07,0.00027101940069387207,0.0
IND804420AAA,0.001349527665317139,1.8224546459380674e-06,0.00027101940069387207,0.0
IND804452AAA,0.0006747638326585695,0.0,0.000146482914698331,0.0
IND803212AAB,0.0006747638326585695,0.0,0.0003768913014107839,0.0
IND812002AAA,0.001349527665317139,4.5561366148451686e-07,0.00027101940069387207,0.0
IND813203AAA,0.0006747638326585695,0.0,0.0003768913014107838,0.0
IND813102AAA,0.0006747638326585695,0.0,0.000146482914698331,0.0
IND814101AAB,0.001349527665317139,0.0008269387955943981,0.0006368452913362815,0.0
IND816107AAA,0.001349527665317139,0.0008160040677187697,0.0006892711830808416,0.0
IND814112AAA,0.0020242914979757085,0.0006983038718352757,0.0004035901381221488,0.0
IND814133AAA,0.0006747638326585695,0.0,0.00031323360193410656,0.0
IND814133AAB,0.002699055330634278,0.0016415760223287142,0.0010565280931788227,0.16666666666666666
IND816109AAA,0.001349527665317139,0.0016306412944530858,0.0010462663109186237,0.0
IND815301AAA,0.0020242914979757085,0.00027868368960802954,0.00045859080733993865,0.6666666666666666
IND815353AAA,0.0020242914979757085,0.00027868368960802954,0.000617389249324236,0.6666666666666666
IND815351AAA,0.001349527665317139,0.0008378735234700265,0.0005772978278490078,0.0
IND821109AAA,0.001349527665317139,0.0008378735234700265,0.0006975608851916847,0.0
IND821307AAA,0.001349527665317139,0.0,0.00029606982960147545,0.0
IND824101AAA,0.0020242914979757085,0.00040914106801309615,0.0003982161742107327,0.0
IND825102AAA,0.001349527665317139,0.0,0.0003691359754425758,1.0
IND827013AAA,0.0020242914979757085,0.0008269387955943981,0.0008368456804670246,0.6666666666666666
IND825301AAA,0.001349527665317139,0.0008269387955943979,0.00042502840506745986,0.0
IND825409AAA,0.001349527665317139,0.0008160040677187692,0.0005079008697947188,0.0
IND828401AAB,0.001349527665317139,0.0,0.0002664682278936456,0.0
IND829121AAA,0.001349527665317139,0.0008160040677187697,0.0008581961649571352,1.0
IND828111AAA,0.0006747638326585695,0.0,0.000146482914698331,0.0
IND829122AAA,0.001349527665317139,0.0008378735234700265,0.0003275414165967933,0.0
IND832109AAB,0.001349527665317139,0.0,0.00032895529501417305,0.0
IND841301AAC,0.001349527665317139,4.5561366148451686e-07,0.00027101940069387207,0.0
IND841226AAB,0.001349527665317139,0.0,0.0004259758141531778,0.0
IND841405AAA,0.0006747638326585695,0.0,0.000146482914698331,0.0
IND841424AAA,0.001349527665317139,0.0,0.000146482914698331,0.0
IND841428AAA,0.0006747638326585695,0.0,0.0002219348879514782,0.0
IND843105AAB,0.001349527665317139,0.0008378735234700265,0.0005843051527285575,0.0
IND843109AAB,0.0020242914979757085,0.0,0.0011708499039764539,1.0
IND843126AAA,0.002699055330634278,0.00040822984069012697,0.00187553741197568,1.0
IND843301AAA,0.0020242914979757085,0.0012451921368371844,0.0009611635313439852,0.3333333333333333
IND843329AAB,0.001349527665317139,0.0,0.0003524111389340078,1.0
IND845401AAA,0.0020242914979757085,0.0008269387955943979,0.000894597281020609,0.6666666666666666
IND845412AAB,0.001349527665317139,0.0,0.00048248394823995544,1.0
IND845418AAB,0.002699055330634278,2.2780683074225843e-07,0.0007580020630935092,1.0
IND845438AAA,0.0020242914979757085,0.0004191645685657555,0.0007817267296250451,1.0
IND846004AAA,0.001349527665317139,0.0008378735234700265,0.0005013956364117773,0.0
IND847212AAA,0.001349527665317139,0.0004191645685657555,0.0004866017339327386,1.0
IND848114AAA,0.001349527665317139,0.0008378735234700265,0.0004808250476096349,1.0
IND854326AAB,0.006072874493927126,0.01645904352112817,0.0014575618484948543,0.07142857142857142
IND848101AAA,0.001349527665317139,0.0008269387955943979,0.0006424642661613432,0.0
IND843320AAA,0.001349527665317139,0.0012342574089615557,0.0009623125612288247,0.0
IND847223AAA,0.001349527665317139,0.0012233226810859272,0.0009632955543993939,0.0
IND844505AAB,0.001349527665317139,0.0008160040677187693,0.0006918276642724281,0.0
IND845305AAA,0.001349527665317139,0.0008160040677187693,0.0009057805135832681,1.0
IND845455AAB,0.0020242914979757085,0.00040822984069012697,0.0008100090916877332,1.0
IND847103AAA,0.001349527665317139,0.0008269387955943979,0.0005721244993353983,0.0
IND847404AAB,0.001349527665317139,0.0008160040677187693,0.0006321887988897559,0.0
IND847226AAA,0.001349527665317139,0.00040822984069012697,0.000559573471455252,1.0
IND848210AAA,0.0020242914979757085,0.0008269387955943979,0.0005546725772389448,0.6666666666666666
IND851127AAA,0.001349527665317139,0.0,0.00029168949458898205,1.0
IND852111AAA,0.001349527665317139,0.000409141068013096,0.00027101940069387207,0.0
IND852113AAA,0.001349527665317139,0.0004191645685657555,0.00045235550979886,0.0
IND852139AAB,0.001349527665317139,0.00040822984069012697,0.000531038344728815,0.0
IND852131AAA,0.001349527665317139,0.0,0.00036309522009292784,1.0
IND852201AAA,0.002699055330634278,0.0012451921368371844,0.0007755538719038207,0.3333333333333333
IND853204AAA,0.0020242914979757085,4.5561366148451686e-07,0.0004880572541480499,0.3333333333333333
IND851204AAA,0.001349527665317139,0.0,0.0007253007192687513,1.0
IND854105AAA,0.0006747638326585695,0.0,0.000146482914698331,0.0
IND854105AAB,0.0020242914979757085,0.0008401515917774491,0.00044822013532584833,0.3333333333333333
IND854311AAA,0.0020242914979757085,0.0012602273876661735,0.0003349942568078583,0.3333333333333333
IND852118A1B,0.001349527665317139,0.0,0.00040647395937076596,1.0
IND854334AAA,0.0020242914979757085,0.00042053140955020904,0.0002922225655077145,0.3333333333333333
IND852118AAA,0.0006747638326585695,0.0,0.00027391127536177033,0.0
IND854335AAA,0.0006747638326585695,0.0,0.000146482914698331,0.0
