corridor,median_delay_ratio
IND212402AAA → IND211002AAB,31.78787878787879
IND785634AAA → IND785001AAA,31.2
IND208012AAA → IND209304AAA,27.2
IND416606AAA → IND416510AAA,26.880917874396133
IND842003AAB → IND482002AAA,23.1875
IND424304AAC → IND424006AAA,22.313662790697673
IND425405AAA → IND424006AAA,21.185586734693878
IND722140AAA → IND723130AAA,19.130434782608695
IND121002AAA → IND121004AAB,19.083333333333332
IND221313AAA → IND221401AAA,16.714285714285715
IND151103AAA → IND151001AAA,15.672364672364672
IND743270AAA → IND712311AAA,15.35135135135135
IND741201AAC → IND712311AAA,15.271929824561404
IND785112AAC → IND785001AAA,15.085526315789474
IND493445AAB → IND490023AAA,14.40983606557377
IND482002AAA → IND842003AAB,14.375
IND722151AAA → IND723130AAA,14.207738095238096
IND425412AAA → IND424006AAA,13.835443037974683
IND518002AAA → IND518206AAA,12.244285714285713
IND208017AAA → IND209304AAA,12.181818181818182
IND425409AAA → IND424006AAA,12.08108108108108
IND788713AAA → IND788026AAC,12.033333333333333
IND844505AAB → IND842001AAA,11.357466063348415
IND424201AAA → IND424006AAA,10.552238805970148
IND221010AAB → IND233001AAA,10.491071428571427
IND431131AAB → IND431603AAA,10.401964020465424
IND221313AAA → IND222136AAA,10.39375
IND847223AAA → IND842001AAA,9.953846153846154
IND395009AAA → IND395023AAD,9.666666666666666
IND501359AAE → IND501218AAC,9.51388888888889
IND400072AAI → IND000000AFS,9.416666666666666
IND395001AAA → IND395023AAD,9.329670329670328
IND847226AAA → IND842001AAA,9.209876543209877
IND302026AAA → IND302014AAB,9.161764705882353
IND400072AAJ → IND400037AAA,9.0
IND531001AAA → IND530012AAA,8.636363636363637
IND395006AAA → IND395023AAD,8.566666666666666
IND751002AAB → IND754103AAA,8.547619047619047
IND571213AAA → IND570020AAA,8.47887323943662
IND147105AAA → IND160002AAC,8.45225916453538
IND847404AAB → IND842001AAA,8.294856459330143
IND208019AAA → IND209304AAA,8.1875
IND211008AAA → IND211002AAB,8.165178571428571
IND207123AAA → IND202001AAB,8.098039215686274
IND671315AAA → IND575004AAB,8.01923076923077
IND249201AAA → IND249407AAA,7.88
IND721102AAA → IND712311AAA,7.73804347826087
IND401602AAA → IND401501AAA,7.344827586206897
IND523201AAA → IND523002AAA,7.2631578947368425
IND175015AAA → IND174001AAA,7.2631578947368425
IND829121AAA → IND834002AAB,7.236363636363636
IND562125AAA → IND000000ACS,7.125
IND695101AAB → IND695012AAA,7.064516129032258
IND147101AAA → IND160002AAC,7.017241379310345
IND201306AAA → IND201304AAA,6.866666666666666
IND390020AAA → IND390022AAA,6.857142857142857
IND462021AAA → IND462001AAA,6.7272727272727275
IND283122AAB → IND282005AAA,6.590909090909091
IND621112AAA → IND620012AAA,6.458333333333333
IND221313AAA → IND221010AAA,6.375
IND274001AAA → IND273014AAB,6.323529411764706
IND573116AAA → IND571426AAA,6.293103448275862
IND443201AAA → IND000000AAZ,6.25
IND242001AAA → IND242307AAB,6.230769230769231
IND208006AAA → IND209304AAA,6.178571428571429
IND563101AAB → IND560300AAB,6.163636363636364
IND828111AAA → IND826004AAA,6.136363636363637
IND686028AAB → IND686632AAA,6.095238095238095
IND395004AAB → IND395023AAD,6.090909090909091
IND000000AAQ → IND700028AAB,6.071428571428571
IND600032AAB → IND600008AAC,6.0
IND722154AAA → IND712311AAA,5.833333333333333
IND321001AAA → IND301001AAB,5.826086956521739
IND821109AAA → IND802213AAB,5.753787878787879
IND302020AAA → IND302014AAB,5.75
IND485001AAC → IND486771AAA,5.698630136986301
IND370001AAA → IND370201AAA,5.695652173913044
IND700065AAB → IND712310AAA,5.666193181818182
IND131028AAB → IND250002AAC,5.625
IND713205AAB → IND722101AAB,5.62
IND600004AAA → IND600008AAC,5.6
IND521165AAA → IND521225AAB,5.567692307692307
IND500050AAA → IND501218AAC,5.566666666666666
IND331701AAA → IND125001AAA,5.484375
IND842001AAA → IND843320AAA,5.375
IND244901AAB → IND243503AAB,5.2993006993007
IND485771AAA → IND486771AAA,5.285714285714286
IND209304AAA → IND208019AAA,5.258241758241758
IND181201AAB → IND181152AAB,5.240384615384615
IND211002AAB → IND211013AAA,5.222222222222222
IND000000AFT → IND400706AAA,5.222222222222222
IND712602AAA → IND712311AAA,5.206896551724138
IND201301AAD → IND110037AAM,5.1923076923076925
IND636005AAA → IND636005AAC,5.083333333333333
IND712124AAA → IND712310AAE,5.076923076923077
IND391110AAD → IND390022AAA,5.041666666666666
IND274304AAA → IND274304AAB,5.038461538461538
IND700136AAB → IND712311AAA,5.0
IND400016AAB → IND400072AAB,5.0
IND403401AAA → IND403726AAB,4.99055829228243
IND580002AAA → IND580028AAA,4.979166666666666
IND732139AAA → IND732103AAB,4.959183673469388
IND501401AAC → IND500010AAA,4.933333333333334
IND201007AAA → IND201007AAB,4.898496240601504
IND122001AAA → IND122050AAA,4.892857142857143
IND781124AAA → IND781018AAB,4.880208333333334
IND411033AAB → IND411057AAF,4.86060606060606
IND000000AFF → IND734203AAA,4.842105263157895
IND411048AAA → IND411014AAA,4.8125
IND571105AAA → IND571114AAA,4.804166666666667
IND461001AAA → IND461111AAA,4.785714285714286
IND530012AAA → IND764020AAC,4.714285714285714
IND400706AAA → IND000000AFT,4.712121212121212
IND205001AAB → IND283203AAA,4.689655172413793
IND521225AAB → IND521165AAA,4.682112068965518
IND624601AAA → IND624001AAA,4.661844863731656
IND796009AAA → IND796321AAB,4.6484375
IND742225AAA → IND742223AAA,4.619047619047619
IND700136AAG → IND712310AAA,4.611111111111111
IND854311AAA → IND854326AAB,4.588541666666667
IND600008AAC → IND600013AAA,4.55
IND733129AAA → IND732103AAB,4.535885167464115
IND211002AAB → IND211011AAA,4.526785714285714
IND411014AAA → IND411043AAA,4.512820512820513
IND400015AAB → IND400072AAB,4.497549019607844
IND713205AAB → IND713148AAA,4.444444444444445
IND410501AAF → IND411033AAA,4.423809523809524
IND786181AAC → IND792120AAB,4.4207459207459205
IND390022AAA → IND390020AAA,4.416666666666667
IND274301AAB → IND273014AAB,4.416666666666666
IND505326AAB → IND505001AAB,4.389830508474576
IND848210AAA → IND842001AAA,4.385063559322034
IND530018AAA → IND531162AAA,4.375
IND000000AAZ → IND444203AAA,4.365853658536586
IND834002AAB → IND827013AAA,4.363636363636363
IND152026AAA → IND000000ACA,4.3
IND411014AAA → IND411048AAA,4.285714285714286
IND275503AAA → IND275303AAA,4.26923076923077
IND388320AAA → IND388121AAA,4.25
IND251201AAA → IND131028AAB,4.244735490498202
IND421302AAR → IND421302AAF,4.235294117647059
IND571114AAA → IND570020AAA,4.230769230769231
IND788806AAA → IND788713AAA,4.230769230769231
IND400102AAC → IND400052AAA,4.214285714285714
IND785690AAB → IND785682AAA,4.209375
IND424006AAA → IND423105AAA,4.205882352941177
IND571124AAA → IND570020AAA,4.205329153605016
IND700053AAA → IND712311AAA,4.196153846153846
IND221010AAA → IND221005A1A,4.166666666666667
IND713303AAA → IND713364AAB,4.166666666666666
IND530043AAA → IND530012AAA,4.163690476190476
IND486661AAA → IND211002AAB,4.147540983606557
IND421302AAR → IND421301AAA,4.144444444444444
IND742121AAA → IND742102AAB,4.142857142857143
IND275101AAA → IND275503AAA,4.136363636363637
IND370615AAB → IND370001AAA,4.118206521739131
IND742149AAA → IND742225AAA,4.1
IND311302AAA → IND305624AAA,4.094474153297682
IND201007AAB → IND201007AAA,4.035714285714286
IND788026AAC → IND788121AAA,4.027380952380953
IND000000AAZ → IND444303AAA,4.0
IND110085AAB → IND110083AAA,4.0
IND691305AAA → IND691551AAA,4.0
IND400072AAA → IND421302AAG,4.0
IND211010AAB → IND211002AAB,4.0
IND600044AAD → IND600048AAA,4.0
IND796321AAB → IND796009AAA,4.0
IND125121AAA → IND125001AAA,3.9833333333333334
IND713130AAA → IND741126AAB,3.9761904761904763
IND713128AAB → IND731301AAA,3.9536796536796537
IND122503AAA → IND122001AAA,3.949074074074074
IND788026AAC → IND799250AAA,3.945887445887446
IND852113AAA → IND852201AAA,3.9411764705882355
IND851127AAA → IND842001AAA,3.9375
IND335523AAB → IND125001AAA,3.9363636363636365
IND221313AAA → IND211002AAB,3.9362461419753085
IND305901AAA → IND305624AAA,3.926470588235294
IND121102AAA → IND121004AAB,3.9155172413793102
IND641062AAD → IND641001AAA,3.911111111111111
IND396191AAC → IND396210AAA,3.909090909090909
IND842001AAA → IND848101AAA,3.891891891891892
IND273303AAA → IND273304AAA,3.8779761904761907
IND635207AAA → IND635802AAB,3.869565217391304
IND122001AAA → IND110037AAM,3.8666666666666667
IND415408AAC → IND416012AAA,3.857142857142857
IND846004AAA → IND847404AAB,3.854022988505747
IND563125AAB → IND560300AAA,3.849056603773585
IND173212AAA → IND134102AAA,3.8484848484848486
IND712311AAA → IND712410AAC,3.8421052631578947
IND321408AAB → IND301001AAB,3.8301587301587303
IND444005AAB → IND000000AAZ,3.8275862068965516
IND500010AAA → IND501401AAC,3.8
IND421301AAA → IND421302AAR,3.7777777777777777
IND743347AAA → IND700053AAA,3.7777777777777777
IND331304AAA → IND332001AAB,3.773955147808359
IND500039AAC → IND500035AAA,3.769230769230769
IND700026AAC → IND712311AAA,3.765
IND788806AAA → IND788026AAC,3.75
IND852201AAA → IND852113AAA,3.75
IND798601AAA → IND785001AAA,3.7449589883800414
IND813102AAA → IND813203AAA,3.7419354838709675
IND263153AAB → IND244713AAA,3.7358490566037736
IND442001AAA → IND442101AAB,3.7142857142857144
IND276129AAA → IND221010AAB,3.7066666666666666
IND411043AAA → IND411014AAA,3.6923076923076925
IND742121AAA → IND742101AAC,3.6923076923076925
IND852201AAA → IND854326AAB,3.6818181818181817
IND600044AAD → IND603203AAA,3.670955882352941
IND400701AAA → IND400705AAA,3.6666666666666665
IND210001AAA → IND210427AAA,3.661458333333333
IND792121AAB → IND786181AAC,3.6538461538461537
IND560077AAA → IND560099AAB,3.6503496503496504
IND203001AAA → IND203131AAA,3.6153846153846154
IND152026AAA → IND160002AAC,3.614624183006536
IND533106AAA → IND533308AAB,3.607142857142857
IND501301AAC → IND500039AAC,3.6045454545454545
IND462022AAA → IND462042AAA,3.6041666666666665
IND477001AAB → IND474003AAA,3.6
IND841424AAA → IND841428AAA,3.5973084886128364
IND000000ACB → IND301705AAA,3.588235294117647
IND842001AAA → IND843109AAB,3.585714285714286
IND713205AAB → IND722143AAB,3.58
IND852111AAA → IND854326AAB,3.567418822234452
IND812002AAA → IND813203AAA,3.5652173913043477
IND854326AAB → IND854334AAA,3.5625
IND110039AAA → IND110085AAB,3.5589743589743588
IND462001AAA → IND462022AAA,3.547008547008547
IND484661AAE → IND484551AAA,3.541666666666667
IND400072AAB → IND400011AAA,3.5404411764705883
IND742202AAA → IND732103AAA,3.537581699346405
IND742148AAA → IND742225AAA,3.5357142857142856
IND712311AAA → IND700088AAA,3.5357142857142856
IND173220AAA → IND173212AAA,3.53125
IND144001AAB → IND144601AAA,3.53125
IND507159AAA → IND507002AAA,3.52
IND802213AAB → IND802212AAA,3.5
IND370001AAA → IND370110AAA,3.4872549019607844
IND535001AAA → IND530012AAA,3.460606060606061
IND233001AAA → IND275503AAA,3.4523809523809526
IND784168AAB → IND791111AAC,3.4469565217391303
IND842001AAA → IND843301AAA,3.4456521739130435
IND562114AAA → IND560067AAC,3.4444444444444446
IND131028AAB → IND250611AAA,3.4423076923076925
IND585307AAB → IND585104AAA,3.440677966101695
IND211011AAA → IND212501AAA,3.4285714285714284
IND580028AAA → IND580002AAA,3.4285714285714284
IND505425AAA → IND504215AAA,3.4166666666666665
IND733102AAA → IND732103AAB,3.411764705882353
IND134203AAA → IND160002AAC,3.411764705882353
IND742121AAB → IND742101AAC,3.400326797385621
IND625218AAA → IND624703AAA,3.399206349206349
IND560300AAA → IND560078AAC,3.395121951219512
IND431112AAB → IND431136AAC,3.3938216796152423
IND273304AAA → IND273014AAB,3.3868131868131868
IND788121AAA → IND796081AAA,3.3863636363636362
IND852131AAA → IND852139AAB,3.380952380952381
IND144001AAB → IND160002AAC,3.375
IND152107AAA → IND152026AAA,3.3682065217391304
IND632301AAA → IND632006AAA,3.368181818181818
IND390020AAA → IND390018AAB,3.3636363636363638
IND209801AAA → IND209304AAA,3.347826086956522
IND584101AAA → IND518002AAA,3.345543345543345
IND500008AAF → IND500039AAC,3.3333333333333335
IND173212AAA → IND173220AAA,3.3076923076923075
IND742121AAB → IND742121AAA,3.3038461538461537
IND712311AAA → IND700065AAA,3.301948051948052
IND695012AAB → IND695012AAA,3.3
IND231205AAA → IND231216AAA,3.3
IND224001AAA → IND224141AAB,3.2967032967032965
IND125111AAA → IND125121AAA,3.295866935483871
IND201005AAA → IND201007AAA,3.2857142857142856
IND110014AAA → IND110024AAA,3.2857142857142856
IND643212AAA → IND641062AAD,3.284090909090909
IND400037AAA → IND400072AAJ,3.2788461538461537
IND311301AAA → IND305624AAA,3.2729885057471266
IND421302AAR → IND421004AAA,3.272727272727273
IND301019AAA → IND301705AAA,3.2592385218365063
IND733140AAA → IND732103AAA,3.257142857142857
IND721134AAB → IND712310AAE,3.2511773940345368
IND110092AAC → IND110093AAA,3.25
IND132001AAA → IND132103AAB,3.25
IND732103AAB → IND732202AAA,3.25
IND421601AAB → IND421302AAG,3.25
IND444303AAA → IND444203AAA,3.242424242424242
IND712310AAE → IND712103AAA,3.238095238095238
IND226004AAA → IND226016AAA,3.238095238095238
IND721306AAA → IND721253AAC,3.238095238095238
IND743395AAA → IND700053AAA,3.2363636363636363
IND481661AAA → IND842003AAB,3.2353846153846155
IND600056AAA → IND602105AAB,3.229166666666667
IND221706AAA → IND273014AAB,3.227732793522267
IND110093AAA → IND110092AAC,3.2222222222222223
IND631501AAA → IND631003AAA,3.2222222222222223
IND506314AAA → IND506002AAA,3.217391304347826
IND110037AAM → IND110020AAB,3.217391304347826
IND391110AAD → IND390020AAA,3.2142857142857144
IND791109AAA → IND787001AAA,3.208931419457735
IND586128AAA → IND585104AAA,3.200152207001522
IND751021AAA → IND751002AAB,3.2
IND271001AAA → IND271210AAA,3.1944444444444446
IND173212AAA → IND174103AAA,3.1875
IND734214AAB → IND000000AFF,3.1794871794871793
IND508207AAB → IND507002AAA,3.178571428571429
IND122001AAA → IND122001AAD,3.176923076923077
IND125001AAA → IND335523AAB,3.176470588235294
IND530012AAA → IND764001AAC,3.175438596491228
IND635601AAB → IND635802AAB,3.1666666666666665
IND635601AAB → IND635207AAA,3.1538461538461537
IND842001AAA → IND843126AAA,3.142857142857143
IND742101AAC → IND742303AAB,3.1403940886699506
IND695541AAA → IND695012AAA,3.1333333333333333
IND202001AAC → IND204215AAA,3.1333333333333333
IND781354AAA → IND781335AAA,3.1333333333333333
IND712310AAE → IND712124AAA,3.1315789473684212
IND785001AAA → IND798601AAA,3.129032258064516
IND380006AAB → IND382430AAB,3.126923076923077
IND250221AAA → IND251201AAA,3.125
IND530012AAA → IND535001AAA,3.1203703703703702
IND400072AAB → IND421302AAS,3.1157894736842104
IND712602AAA → IND722154AAA,3.1153846153846154
IND845418AAB → IND842001AAA,3.115302642796249
IND712311AAA → IND700028AAB,3.1146616541353387
IND271210AAA → IND271001AAA,3.111111111111111
IND609602AAA → IND611001AAA,3.111111111111111
IND400064AAB → IND400072AAD,3.105128205128205
IND233001AAA → IND275101AAA,3.1020833333333333
IND431001AAB → IND431136AAC,3.090909090909091
IND421502AAA → IND421302AAR,3.090909090909091
IND400072AAB → IND401104AAB,3.0904761904761906
IND852139AAB → IND854326AAB,3.0889328063241104
IND792120AAB → IND786181AAC,3.088235294117647
IND400064AAB → IND400072AAB,3.083916083916084
IND395023AAD → IND395009AAA,3.078787878787879
IND274402AAA → IND274301AAB,3.0784313725490198
IND201001AAA → IND201007AAA,3.076923076923077
IND441912AAA → IND441107AAB,3.0675
IND732202AAA → IND732204AAB,3.066666666666667
IND485001AAC → IND485771AAA,3.0606060606060606
IND000000AFT → IND410206AAB,3.0588235294117645
IND272207AAB → IND272153AAC,3.0588235294117645
IND603203AAA → IND600044AAD,3.0555555555555554
IND700144AAA → IND743395AAA,3.0476190476190474
IND500018AAA → IND500080AAB,3.041666666666667
IND273155AAA → IND273014AAB,3.04
IND562114AAA → IND560048AAB,3.03125
IND400072AAB → IND400015AAB,3.026143790849673
IND574117AAA → IND576201AAA,3.0238095238095237
IND306401AAB → IND305001AAC,3.0142857142857142
IND742101AAC → IND712311AAA,3.013793103448276
IND742202AAA → IND712311AAA,3.011173184357542
IND826004AAA → IND815351AAA,3.0107655502392348
IND700088AAA → IND712311AAA,3.0
IND742226AAA → IND742102AAB,3.0
IND413517AAA → IND431717AAA,3.0
IND431136AAC → IND431001AAA,3.0
IND768201AAA → IND770001AAA,3.0
IND673592AAA → IND670645AAB,3.0
IND110043AAA → IND000000ACB,3.0
IND110064AAA → IND110046AAA,3.0
IND854326AAB → IND854105AAA,3.0
IND492001AAB → IND492007AAA,3.0
IND204215AAA → IND207001AAA,3.0
IND700053AAA → IND743513AAA,3.0
IND380005AAA → IND382430AAB,3.0
IND110064AAA → IND110005AAA,3.0
IND786184AAA → IND786125AAA,3.0
IND209304AAA → IND209101AAA,3.0
IND302006AAA → IND302014AAB,3.0
IND828401AAB → IND826004AAA,2.9930069930069934
IND246149AAA → IND249407AAA,2.992105263157895
IND210427AAA → IND209304AAA,2.9915254237288136
IND131301AAA → IND131028AAB,2.9885290148448043
IND530012AAA → IND530043AAA,2.9879227053140096
IND560099AAB → IND560077AAA,2.973938223938224
IND574211AAA → IND574216AAA,2.9714285714285715
IND530012AAA → IND531036AAA,2.97140522875817
IND400072AAC → IND400011AAA,2.9705882352941178
IND754142AAA → IND754211AAA,2.9696296296296296
IND712311AAA → IND732103AAB,2.9649296790479625
IND804452AAA → IND804420AAA,2.962121212121212
IND500039AAC → IND501359AAE,2.9583333333333335
IND131028AAB → IND250609AAA,2.9545454545454546
IND632006AAA → IND632402AAA,2.9523809523809526
IND321022AAA → IND121004AAB,2.9511217948717947
IND582101AAB → IND580028AAA,2.946557971014493
IND712311AAA → IND742102AAB,2.9450362822294274
IND421302AAF → IND421302AAR,2.9444444444444446
IND848101AAA → IND844505AAB,2.9411764705882355
IND700028AAB → IND712311AAA,2.9411764705882355
IND854326AAB → IND852201AAA,2.941075514874142
IND721133AAA → IND721434AAB,2.935483870967742
IND175018AAA → IND175001AAA,2.9333333333333336
IND400102AAC → IND421302AAG,2.933333333333333
IND431515AAA → IND431517AAB,2.933333333333333
IND500055AAA → IND500010AAA,2.933333333333333
IND201007AAB → IND201301AAF,2.933333333333333
IND410505AAB → IND410501AAF,2.928571428571429
IND423109AAA → IND423701AAB,2.928571428571429
IND477001AAA → IND474003AAA,2.9284188034188032
IND603301AAA → IND600044AAD,2.927544565842438
IND788713AAA → IND788806AAA,2.9230769230769234
IND400015AAB → IND421302AAG,2.921212121212121
IND222001AAA → IND222136AAA,2.9166666666666665
IND121004AAB → IND121002AAA,2.909090909090909
IND274304AAB → IND274304AAA,2.909090909090909
IND533106AAA → IND533242AAA,2.908743169398907
IND302004AAA → IND302033AAB,2.9
IND224141AAB → IND224122AAA,2.891812865497076
IND131028AAB → IND132103AAA,2.891025641025641
IND000000AFT → IND400701AAA,2.8903508771929824
IND712124AAA → IND712103AAA,2.888888888888889
IND400072AAB → IND400015AAA,2.888888888888889
IND713128AAB → IND731204AAB,2.888888888888889
IND712311AAA → IND700053AAA,2.888888888888889
IND462042AAA → IND462022AAA,2.8846153846153846
IND781018AAB → IND788026AAC,2.8846153846153846
IND791102AAA → IND784168AAB,2.883113311331133
IND000000AFT → IND410210AAA,2.875
IND842001AAA → IND843105AAB,2.875
IND401104AAA → IND400072AAB,2.875
IND124112AAA → IND125001AAA,2.8616473616473614
IND125047AAB → IND125050AAA,2.857142857142857
IND742149AAA → IND742148AAA,2.857142857142857
IND721139AAC → IND721636AAB,2.857142857142857
IND396232AAA → IND396191AAC,2.8571428571428568
IND570020AAA → IND571430AAA,2.8541666666666665
IND781003AAA → IND781018AAB,2.853736089030207
IND700065AAA → IND712311AAA,2.853535353535354
IND411017AAA → IND412105AAC,2.8529411764705883
IND389151AAA → IND457661AAA,2.8528138528138527
IND712103AAA → IND712310AAE,2.850389321468298
IND110085AAB → IND000000ACB,2.85
IND221010AAB → IND222001AAA,2.8484848484848486
IND126116AAA → IND131301AAA,2.846753246753247
IND641062AAD → IND643231AAA,2.8461538461538463
IND852111AAA → IND854311AAA,2.8461538461538463
IND110037AAM → IND781018AAB,2.84535054236484
IND400705AAA → IND421302AAH,2.84
IND811399AAA → IND110044AAB,2.8395833333333336
IND842003AAB → IND483225AAA,2.8380681818181817
IND486889AAA → IND231216AAA,2.8351648351648353
IND410503AAA → IND410505AAB,2.8342391304347827
IND274402AAA → IND274304AAB,2.833333333333333
IND811201AAB → IND813213AAA,2.8253846153846154
IND360410AAA → IND360490AAA,2.8241758241758244
IND501359AAG → IND000000ACN,2.822368421052632
IND431603AAA → IND431401AAA,2.8214285714285716
IND131028AAB → IND110037AAM,2.8173076923076925
IND401209AAB → IND401104AAA,2.8125
IND742303AAB → IND741165AAB,2.810810810810811
IND742102AAB → IND731237AAB,2.8079877112135176
IND401209AAA → IND401104AAA,2.804029304029304
IND852113AAA → IND852139AAB,2.8
IND132001AAA → IND132103AAA,2.798529411764706
IND507002AAA → IND507167AAA,2.7976190476190474
IND573201AAB → IND573103AAA,2.796794871794872
IND247667AAB → IND249407AAA,2.7956349206349205
IND222125AAB → IND222001AAA,2.795138888888889
IND331507AAA → IND302014AAA,2.7933732933732935
IND788151AAA → IND788713AAA,2.7933467741935485
IND400016AAB → IND400072AAD,2.7916666666666665
IND802101AAA → IND802119AAA,2.7916666666666665
IND843329AAB → IND843301AAA,2.789473684210526
IND731237AAB → IND731224AAA,2.789473684210526
IND741121AAA → IND741201AAC,2.789473684210526
IND852131AAA → IND852201AAA,2.787878787878788
IND834002AAB → IND781018AAB,2.7804878048780486
IND396191AAC → IND421302AAG,2.7790697674418605
IND110044AAB → IND201007AAA,2.772727272727273
IND000000AFT → IND421302AAG,2.769230769230769
IND411033AAA → IND413501AAA,2.766855112259732
IND781018AAB → IND712311AAA,2.764705882352941
IND244901AAB → IND243201AAA,2.7636363636363637
IND742101AAC → IND731237AAB,2.761904761904762
IND760003AAB → IND754022AAA,2.76
IND395023AAA → IND411033AAA,2.7575600851840587
IND328001AAA → IND282002AAD,2.7551020408163267
IND742401AAA → IND742101AAC,2.7540983606557377
IND134102AAA → IND174103AAA,2.75
IND262405AAA → IND263153AAB,2.75
IND303603AAB → IND302014AAB,2.7481851179673322
IND583201AAA → IND583101AAA,2.7444444444444445
IND742102AAB → IND712311AAA,2.7418450560652396
IND583119AAA → IND583101AAA,2.7401960784313726
IND302014AAB → IND302023AAA,2.739130434782609
IND110020AAB → IND110037AAM,2.739130434782609
IND802101AAA → IND802158AAB,2.7346938775510203
IND483770AAA → IND842003AAB,2.733562035448828
IND608001AAA → IND609110AAA,2.7333333333333334
IND641062AAD → IND643217AAA,2.731283422459893
IND722202AAA → IND713205AAB,2.7279411764705883
IND799250AAA → IND799008AAA,2.725806451612903
IND742401AAA → IND742102AAB,2.7230501738698463
IND474003AAA → IND475661AAB,2.719715956558062
IND221401AAA → IND221303AAA,2.71875
IND396191AAC → IND396232AAA,2.7142857142857144
IND400072AAB → IND401104AAA,2.7142857142857144
IND273014AAB → IND274001AAA,2.7117117117117115
IND121004AAC → IND121004AAB,2.708333333333333
IND577126AAA → IND577201AAA,2.707692307692308
IND756100AAC → IND758034AAA,2.707317073170732
IND400015AAA → IND400072AAB,2.7058823529411766
IND826004AAA → IND828205AAA,2.705769230769231
IND411033AAA → IND000000AAL,2.7037037037037037
IND400612AAA → IND421302AAR,2.700757575757576
IND380005AAA → IND382421AAA,2.7
IND142026AAA → IND000000ACA,2.7
IND577401AAA → IND562132AAA,2.695852534562212
IND500035AAA → IND500039AAC,2.6931818181818183
IND342301AAA → IND342005AAD,2.6923076923076925
IND305404AAA → IND305001AAC,2.6904404404404403
IND221313AAA → IND232101AAB,2.6842105263157894
IND462022AAA → IND466001AAA,2.6827242524916945
IND443301AAA → IND443201AAA,2.680947580645161
IND396001AAA → IND395023AAD,2.6808510638297873
IND796081AAA → IND788026AAC,2.6717697489283525
IND801103AAA → IND802301AAA,2.6666666666666665
IND741101AAB → IND741502AAB,2.6666666666666665
IND560067AAC → IND562114AAA,2.6666666666666665
IND452001AAC → IND425201AAA,2.6666666666666665
IND562132AAA → IND560002AAA,2.6666666666666665
IND333031AAA → IND331023AAA,2.666256157635468
IND422605AAA → IND423109AAA,2.661111111111111
IND221313AAA → IND276128AAA,2.6593406593406597
IND732138AAA → IND733140AAA,2.659090909090909
IND313001AAB → IND311001AAA,2.6560606060606062
IND791110AAA → IND787001AAA,2.65359477124183
IND845305AAA → IND842001AAA,2.6534653465346536
IND573201AAB → IND575004AAB,2.6533333333333333
IND204101AAA → IND282002AAD,2.653225806451613
IND181152AAB → IND181201AAB,2.65
IND174101AAB → IND134102AAA,2.645833333333333
IND852118AAA → IND852111AAA,2.6441176470588235
IND302004AAA → IND302014AAB,2.642857142857143
IND400011AAA → IND400072AAD,2.642857142857143
IND245101AAA → IND245304AAA,2.641025641025641
IND226004AAA → IND226024AAA,2.6378205128205128
IND500039AAC → IND500035AAD,2.6363636363636362
IND521225AAB → IND521001AAA,2.636024572180781
IND249407AAA → IND131028AAB,2.63265306122449
IND602024AAA → IND600116AAB,2.6294117647058823
IND754202AAA → IND751002AAB,2.629032258064516
IND173220AAA → IND174103AAA,2.628571428571429
IND508207AAB → IND508206AAA,2.6285714285714286
IND301019AAA → IND123001AAA,2.6279178338001867
IND785682AAA → IND785690AAB,2.625874125874126
IND302006AAC → IND302014AAB,2.625
IND110037AAM → IND110024AAA,2.6243478260869564
IND274509AAB → IND274402AAA,2.6222222222222222
IND585314AAA → IND585104AAA,2.6191904047976013
IND124112AAA → IND125005AAA,2.6171171171171173
IND786181AAC → IND786001AAB,2.6142241379310347
IND414001AAA → IND411033AAA,2.6113046844754164
IND841101AAA → IND841207AAB,2.611111111111111
IND844101AAB → IND841207AAB,2.611111111111111
IND788151AAA → IND788806AAA,2.611111111111111
IND533106AAA → IND533003AAA,2.610169491525424
IND712311AAA → IND742101AAC,2.6090706589307917
IND754211AAA → IND754202AAA,2.606060606060606
IND713205AAB → IND723130AAA,2.598916408668731
IND262122AAB → IND244901AAB,2.5966202270381835
IND784110AAA → IND784001AAA,2.595
IND431517AAB → IND411033AAA,2.5931988742964354
IND203390AAA → IND201301AAF,2.59175155631013
IND679303AAA → IND679531AAA,2.591666666666667
IND854335AAA → IND854326AAB,2.591666666666667
IND606801AAB → IND632006AAA,2.590909090909091
IND331022A1B → IND331001A1C,2.590909090909091
IND768004AAD → IND768028AAA,2.59047619047619
IND533401AAA → IND533308AAB,2.5892339544513456
IND713205AAB → IND712311AAA,2.588235294117647
IND784001AAA → IND791111AAC,2.588235294117647
IND125104AAA → IND125005AAA,2.5871559633027523
IND788026AAC → IND788151AAA,2.5852272727272725
IND784125AAA → IND784110AAA,2.5833333333333335
IND712311AAA → IND781018AAB,2.5789473684210527
IND246763AAA → IND246761AAA,2.5789473684210527
IND712406AAA → IND712612AAA,2.5783625730994153
IND205001AAB → IND209625AAA,2.577777777777778
IND425508AAB → IND450331AAA,2.5753676470588234
IND741156AAA → IND742101AAC,2.5753676470588234
IND382721AAA → IND382430AAB,2.569871794871795
IND504251AAA → IND504293AAA,2.5695652173913044
IND742102AAB → IND742121AAB,2.568907113567481
IND741156AAA → IND742102AAB,2.5652173913043477
IND271001AAA → IND271201AAA,2.5652173913043477
IND201306AAA → IND201301AAF,2.5618421052631577
IND532001AAB → IND532201AAA,2.5609756097560976
IND414302AAB → IND411033AAA,2.560895756940807
IND495004AAA → IND495671AAA,2.558139534883721
IND621802AAA → IND608301AAA,2.5555555555555554
IND395023AAA → IND421302AAG,2.550820707070707
IND505122AAA → IND506002AAA,2.55
IND832109AAB → IND834002AAB,2.5485849056603773
IND781018AAB → IND785001AAA,2.5484329929055898
IND400072AAB → IND421302AAG,2.547727272727273
IND768004AAD → IND768028AAB,2.546875
IND507002AAA → IND508001AAA,2.546666666666667
IND786001AAB → IND786125AAA,2.5454545454545454
IND611001AAA → IND610001AAA,2.5441176470588234
IND245101AAA → IND201007AAA,2.541666666666667
IND600076AAB → IND600032AAB,2.5409356725146197
IND803213AAA → IND803212AAB,2.5384615384615383
IND416510AAA → IND416602AAC,2.5375
IND534260AAC → IND533106AAA,2.534344335414808
IND174001AAA → IND175018AAA,2.5284900284900287
IND365560AAB → IND364290AAA,2.5277777777777777
IND125005AAA → IND335523AAB,2.5274725274725274
IND742226AAA → IND742101AAC,2.526315789473684
IND421401AAC → IND421601AAB,2.526315789473684
IND342902AAA → IND302014AAA,2.5259216589861753
IND277211AAA → IND277201AAA,2.5238095238095237
IND421302AAG → IND401104AAA,2.5217391304347827
IND472001AAA → IND485001AAC,2.5211267605633805
IND841226AAB → IND841428AAA,2.519607843137255
IND245304AAA → IND201007AAA,2.519230769230769
IND732103AAA → IND732138AAA,2.518378378378378
IND575004AAB → IND575014AAA,2.5175438596491224
IND470113AAA → IND470117AAA,2.5142857142857142
IND713205AAB → IND723133AAA,2.5142857142857142
IND756032AAA → IND712311AAA,2.514018691588785
IND416012AAA → IND415612AAA,2.5121951219512195
IND500039AAD → IND501359AAE,2.5108695652173916
IND410401AAA → IND421302AAG,2.5074626865671643
IND284403AAA → IND474003AAA,2.5048076923076925
IND521105AAA → IND521333AAA,2.5
IND207302AAA → IND202001AAB,2.5
IND000000AFT → IND410206AAA,2.5
IND686632AAA → IND686141AAA,2.5
IND380021AAA → IND382430AAB,2.5
IND843126AAA → IND842001AAA,2.5
IND760003AAB → IND761020AAA,2.5
IND751014AAA → IND751002AAB,2.5
IND382430AAB → IND380015AAB,2.5
IND733128AAA → IND733129AAB,2.4992248062015503
IND204101AAA → IND202001AAB,2.4962518740629687
IND415612AAA → IND415408AAC,2.4959904959904957
IND792110AAA → IND786001AAB,2.4913461538461537
IND462022AAA → IND461001AAA,2.4901960784313726
IND415605AAA → IND415709AAA,2.488095238095238
IND000000ACK → IND501359AAF,2.486842105263158
IND395023AAD → IND395004AAB,2.485294117647059
IND756019AAA → IND757001AAA,2.484848484848485
IND421302AAG → IND421401AAC,2.4838709677419355
IND786181AAC → IND792121AAB,2.4833333333333334
IND341510AAB → IND305001AAC,2.4825581395348837
IND110037AAM → IND201301AAD,2.4814814814814814
IND583227AAA → IND583201AAA,2.48
IND262802AAA → IND262723AAB,2.4782608695652173
IND602024AAA → IND602001AAA,2.4772727272727275
IND736135AAA → IND736165AAA,2.4768421052631577
IND560099AAB → IND560085AAA,2.475113122171946
IND276140AAA → IND276129AAA,2.474903474903475
IND574211AAA → IND574202AAA,2.473684210526316
IND421302AAN → IND400072AAB,2.473684210526316
IND384355AAB → IND384205AAA,2.4712482468443198
IND000000AET → IND000000AAS,2.4680272108843537
IND781014AAA → IND781102AAA,2.4642857142857144
IND560064AAD → IND560043AAC,2.4641025641025642
IND360370AAA → IND360410AAA,2.4615384615384617
IND713148AAA → IND713128AAB,2.46
IND124507AAA → IND131028AAE,2.4585166561910747
IND421302AAG → IND400078AAB,2.4580419580419584
IND742101AAC → IND741123AAB,2.4572772406584793
IND534001AAA → IND521225AAB,2.4571428571428573
IND643001AAA → IND643212AAA,2.45628078817734
IND686513AAA → IND686507AAA,2.4555555555555557
IND767017AAA → IND767001AAA,2.4549632352941178
IND421302AAG → IND400015AAB,2.4545454545454546
IND786190AAA → IND786001AAB,2.4523809523809526
IND515004AAA → IND515801AAA,2.4520833333333334
IND301001AAB → IND302014AAA,2.45197628458498
IND400701AAB → IND421302AAG,2.45
IND713205AAB → IND722202AAA,2.4488636363636367
IND826001AAC → IND828111AAA,2.4444444444444446
IND68004AAA → IND678683AAA,2.4444444444444446
IND273014AAB → IND209304AAA,2.4444444444444446
IND445101AAA → IND440014AAA,2.4444444444444446
IND501359AAE → IND500039AAD,2.443548387096774
IND591307AAC → IND580028AAA,2.441492123939761
IND412210AAC → IND411033AAA,2.4412698412698415
IND332001AAB → IND333031AAA,2.4404255319148938
IND814133AAA → IND816109AAA,2.4375
IND781018AAB → IND784168AAB,2.4340528660886322
IND421302AAG → IND400072AAJ,2.4327485380116958
IND781018AAB → IND110037AAM,2.4316702819956615
IND263153AAB → IND263401AAA,2.4299450549450547
IND731204AAB → IND731301AAA,2.4285714285714284
IND741123AAB → IND741126AAB,2.4285714285714284
IND742102AAB → IND742303AAB,2.4285714285714284
IND500010AAB → IND501359AAE,2.4285714285714284
IND205001AAB → IND110037AAM,2.4285714285714284
IND600056AAB → IND600008AAC,2.4251336898395723
IND811213AAA → IND811201AAB,2.425
IND843320AAA → IND847223AAA,2.425
IND400072AAD → IND421302AAG,2.424812030075188
IND342902A1B → IND302014AAA,2.4238000442380008
IND560300AAA → IND560099AAB,2.4235880398671092
IND242221AAA → IND207247AAB,2.422222222222222
IND515004AAA → IND515411AAA,2.419642857142857
IND401104AAA → IND401209AAA,2.4194139194139197
IND127201AAA → IND124141AAA,2.41875
IND396191AAC → IND395023AAA,2.418657937806874
IND421302AAG → IND400072AAA,2.4166666666666665
IND421302AAG → IND400102AAC,2.4166666666666665
IND854105AAB → IND853204AAA,2.4166666666666665
IND000000AAL → IND411033AAA,2.4166666666666665
IND503111AAC → IND501359AAE,2.4155172413793102
IND811105AAA → IND803212AAB,2.4151107251411204
IND786001AAB → IND786171AAA,2.4150943396226414
IND523002AAA → IND523316AAB,2.413114754098361
IND401104AAB → IND421302AAG,2.411764705882353
IND263401AAA → IND244713AAA,2.409090909090909
IND826004AAA → IND828111AAA,2.409090909090909
IND530012AAC → IND501359AAE,2.407166123778502
IND302014AAA → IND332404AAA,2.406896551724138
IND517501AAB → IND517644AAA,2.4058823529411764
IND121004AAB → IND110037AAM,2.403985507246377
IND474003AAA → IND476111AAA,2.4038461538461537
IND790001AAB → IND784001AAA,2.4027777777777777
IND466116AAA → IND462022AAA,2.401190476190476
IND421302AAR → IND400612AAA,2.4
IND486886AAA → IND486889AAA,2.4
IND401209AAB → IND421302AAG,2.4
IND421302AAG → IND400015AAA,2.4
IND752050AAA → IND751002AAB,2.4
IND521333AAA → IND521225AAB,2.4
IND585211AAA → IND585104AAA,2.4
IND160002AAC → IND174001AAA,2.3985826001955033
IND792130AAB → IND786001AAB,2.398148148148148
IND721434AAB → IND721401AAA,2.3966666666666665
IND421302AAG → IND444005AAB,2.3955223880597014
IND577002AAA → IND581110AAE,2.3952119309262168
IND413002AAA → IND421302AAG,2.3949275362318843
IND209304AAA → IND282001AAA,2.3941176470588235
IND586101AAA → IND416404AAA,2.3940217391304346
IND600044AAD → IND603001AAA,2.3918269230769234
IND160002AAC → IND173212AAA,2.3904761904761904
IND152116AAA → IND152026AAA,2.3902439024390243
IND425405AAA → IND425409AAA,2.3902439024390243
IND303106AAA → IND302014AAA,2.3902439024390243
IND712311AAA → IND743235AAA,2.3885918003565063
IND160002AAC → IND160003AAA,2.3823529411764706
IND600056AAB → IND600116AAB,2.3798076923076925
IND462022AAA → IND842003AAB,2.3772916830592496
IND412105AAC → IND411017AAA,2.376470588235294
IND741126AAB → IND741156AAA,2.375
IND515401AAB → IND515801AAA,2.375
IND680587AAA → IND683511AAA,2.375
IND533201AAA → IND533242AAA,2.373809523809524
IND501359AAE → IND533106AAA,2.3710393700787398
IND486001AAA → IND486771AAA,2.370144284128746
IND451666AAA → IND421302AAG,2.3675213675213675
IND584128AAA → IND583121AAA,2.364973262032086
IND845401AAA → IND845305AAA,2.364864864864865
IND712103AAA → IND712124AAA,2.3636363636363638
IND410206AAA → IND000000AFT,2.3636363636363638
IND804420AAA → IND803101AAA,2.3636363636363638
IND462022AAA → IND462011AAA,2.3636363636363638
IND401104AAA → IND401208AAA,2.3636363636363638
IND854326AAB → IND854105AAB,2.3625
IND302014AAA → IND305001AAC,2.3611111111111107
IND413709AAA → IND423701AAB,2.360215053763441
IND845455AAB → IND842001AAA,2.359550561797753
IND635802AAB → IND635601AAB,2.3592375366568916
IND575004AAB → IND574117AAA,2.3575989782886335
IND401209AAB → IND421302AAH,2.357142857142857
IND302014AAB → IND302006AAC,2.357142857142857
IND600008AAC → IND600004AAA,2.357142857142857
IND686507AAA → IND686513AAA,2.354166666666667
IND411033AAA → IND411014AAA,2.3524844720496896
IND421302AAG → IND400072AAB,2.35
IND841424AAA → IND841226AAB,2.3488372093023258
IND757037AAA → IND756100AAC,2.347826086956522
IND211002AAB → IND485001AAC,2.344172932330827
IND713205AAB → IND722101AAA,2.343225083986562
IND400701AAA → IND410206AAA,2.343137254901961
IND751002AAB → IND562132AAA,2.3413528268714723
IND560300AAA → IND000000ACS,2.3410714285714285
IND563131AAB → IND560300AAB,2.34
IND834002AAB → IND826004AAA,2.338582677165354
IND580028AAA → IND403726AAA,2.338129496402878
IND110078AAA → IND110043AAA,2.3380681818181817
IND787001AAA → IND787057AAA,2.3368794326241136
IND131028AAB → IND249407AAA,2.336448598130841
IND572101AAA → IND562101AAA,2.334677419354839
IND413501AAA → IND411033AAA,2.333628376606347
IND712311AAA → IND700026AAC,2.3333333333333335
IND600056AAB → IND600016AAC,2.3333333333333335
IND805110AAD → IND803116AAA,2.3333333333333335
IND713130AAA → IND741123AAB,2.3333333333333335
IND756100AAC → IND758001AAA,2.3333333333333335
IND000000ABG → IND501359AAF,2.3333333333333335
IND752050AAA → IND752056AAA,2.3333333333333335
IND691305AAA → IND689645AAA,2.3333333333333335
IND232104AAB → IND221010AAB,2.333333333333333
IND843109AAB → IND842001AAA,2.333333333333333
IND852201AAA → IND852131AAA,2.332661290322581
IND425409AAA → IND425406AAA,2.331818181818182
IND600044AAD → IND600032AAB,2.3301282051282053
IND712311AAA → IND834002AAB,2.329896907216495
IND825301AAA → IND825409AAA,2.3292682926829267
IND581110AAE → IND577002AAA,2.327272727272727
IND516101AAA → IND516115AAA,2.3260869565217392
IND410206AAB → IND000000AFT,2.322916666666667
IND712406AAA → IND712602AAA,2.3225806451612905
IND521001AAA → IND521225AAB,2.3214285714285716
IND600119AAA → IND600016AAC,2.321428571428571
IND785682AAA → IND786001AAB,2.3205686475409837
IND842001AAA → IND845438AAA,2.3205128205128203
IND444203AAA → IND444005AAB,2.3181818181818183
IND441206AAB → IND442605AAA,2.3181818181818183
IND793001AAA → IND793150AAA,2.3171497584541063
IND834002AAB → IND825102AAA,2.317073170731707
IND700053AAA → IND700144AAA,2.3157894736842106
IND783129AAA → IND794101AAA,2.3152841781874036
IND396191AAB → IND421302AAG,2.3144489795918366
IND507303AAA → IND507002AAA,2.3125
IND421302AAG → IND400701AAB,2.3095238095238093
IND382421AAA → IND382430AAB,2.3095238095238093
IND673121AAA → IND670645AAB,2.3076923076923075
IND462011AAA → IND462022AAA,2.3068181818181817
IND416404AAA → IND416012AAA,2.306311413454271
IND000000ACB → IND209304AAA,2.303448275862069
IND602001AAB → IND609001AAA,2.301994301994302
IND124001AAB → IND126102AAA,2.3014705882352944
IND282001AAA → IND110037AAM,2.300943396226415
IND421302AAG → IND000000AFT,2.3
IND574216AAA → IND575004AAB,2.3
IND670645AAB → IND673592AAA,2.2972972972972974
IND781014AAA → IND781124AAA,2.2928571428571427
IND786001AAB → IND792103AAB,2.288157894736842
IND854326AAB → IND852113AAA,2.2873070325900517
IND424006AAA → IND452001AAC,2.2872596153846154
IND451666AAA → IND424006AAA,2.2865141187925997
IND464221AAA → IND470004AAA,2.2857142857142856
IND411033AAA → IND410503AAA,2.2857142857142856
IND144001AAB → IND000000ACA,2.2857142857142856
IND401104AAA → IND421302AAG,2.2857142857142856
IND531163AAA → IND535001AAA,2.2857142857142856
IND500039AAC → IND508116AAA,2.2857142857142856
IND814112AAA → IND814133AAA,2.2850877192982457
IND531036AAA → IND530012AAA,2.2828947368421053
IND301705AAA → IND123001AAA,2.2825361512791993
IND500008AAC → IND501359AAE,2.28
IND501101AAB → IND501359AAE,2.2795454545454543
IND322241AAA → IND322201AAA,2.279220779220779
IND201007AAA → IND245304AAA,2.277871621621622
IND583231AAA → IND583201AAA,2.2777777777777777
IND700053AAA → IND700136AAB,2.2758620689655173
IND712311AAA → IND713103AAA,2.2758620689655173
IND464668AAA → IND462022AAA,2.2745215311004783
IND400072AAB → IND000000AFT,2.2744360902255636
IND802158AAB → IND821115AAB,2.274206349206349
IND785112AAC → IND785634AAA,2.273706896551724
IND243201AAA → IND262001AAA,2.272727272727273
IND431603AAA → IND413517AAA,2.2716103554190434
IND342602AAC → IND306304AAB,2.271050521251002
IND485001AAC → IND486001AAA,2.270053475935829
IND781001AAA → IND781018AAB,2.2698412698412698
IND851127AAA → IND851112AAB,2.269230769230769
IND764071AAB → IND530012AAA,2.268602540834846
IND135001AAA → IND173025AAA,2.267948717948718
IND400011AAA → IND400072AAB,2.2666666666666666
IND441206AAB → IND441603AAA,2.2666666666666666
IND821115AAB → IND821109AAA,2.2660714285714283
IND581334AAA → IND581343AAC,2.2656641604010024
IND274304AAB → IND274301AAB,2.264705882352941
IND000000ACB → IND125033AAA,2.264397689768977
IND413307AAB → IND413304AAA,2.263768115942029
IND814112AAA → IND814133AAB,2.263157894736842
IND811201AAB → IND811213AAA,2.2628205128205128
IND531116AAA → IND530012AAA,2.2622739018087854
IND411036AAA → IND411033AAA,2.260869565217391
IND472001AAA → IND474003AAA,2.257425742574257
IND742101AAC → IND742202AAA,2.257017543859649
IND784168AAB → IND784176AAA,2.2564102564102564
IND160002AAC → IND421302AAG,2.2549019607843137
IND814133AAB → IND816109AAA,2.2549019607843137
IND152123AAA → IND152026AAA,2.2545454545454544
IND532001AAB → IND530012AAA,2.254525246109876
IND515201AAA → IND515301AAA,2.2523809523809524
IND602001AAA → IND600116AAB,2.25
IND505503AAA → IND506164AAA,2.25
IND395023AAD → IND395001AAA,2.25
IND764020AAC → IND764001AAC,2.25
IND786171AAA → IND786181AAC,2.25
IND562132AAA → IND712311AAA,2.2496069549515894
IND533242AAA → IND533201AAA,2.2476190476190476
IND411033AAA → IND403726AAA,2.2467532467532467
IND301001AAB → IND321606AAA,2.246376811594203
IND210431AAA → IND209304AAA,2.246376811594203
IND458664AAA → IND312403AAA,2.246153846153846
IND413401AAA → IND411033AAA,2.24468085106383
IND231217AAA → IND231225AAB,2.2441520467836256
IND273014AAB → IND274301AAB,2.2439024390243905
IND126102AAA → IND126116AAA,2.2426470588235294
IND754022AAA → IND751002AAB,2.2413273001508296
IND321606AAA → IND301001AAB,2.2391304347826084
IND842003AAB → IND480886AAA,2.238095238095238
IND313001AAB → IND382430AAB,2.2377896372356956
IND421302AAG → IND834002AAB,2.236281919609547
IND462022AAA → IND462001AAA,2.236111111111111
IND842001AAA → IND845412AAB,2.235294117647059
IND842003AAB → IND483501AAA,2.235294117647059
IND400072AAB → IND400701AAB,2.234210526315789
IND845455AAB → IND845418AAB,2.233695652173913
IND485001AAC → IND488001AAA,2.2330994897959187
IND583101AAA → IND583201AAA,2.2319327731092438
IND581320AAA → IND575004AAB,2.2315400214720267
IND631501AAA → IND600056AAB,2.2314814814814814
IND140401AAA → IND000000ACA,2.230884109916368
IND786001AAB → IND786184AAA,2.230769230769231
IND695012AAA → IND695101AAB,2.230769230769231
IND572201AAB → IND577101AAA,2.2307104660045836
IND000000ACN → IND501359AAF,2.2287581699346406
IND470004AAA → IND470113AAA,2.2287021154945683
IND785675AAA → IND785612AAB,2.2285714285714286
IND573134AAB → IND573201AAB,2.225108225108225
IND341306AAA → IND302014AAA,2.2247748940677967
IND509103AAB → IND518002AAA,2.2241379310344827
IND689503AAB → IND683511AAA,2.2241379310344827
IND212601AAA → IND210001AAA,2.2238186462324396
IND396105AAA → IND396191AAC,2.2232142857142856
IND121004AAA → IND121004AAB,2.2225274725274726
IND401104AAB → IND400072AAB,2.2222222222222223
IND530026AAA → IND531036AAA,2.2222222222222223
IND600008AAC → IND600056AAB,2.2222222222222223
IND248197AAA → IND248122AAB,2.2222222222222223
IND803116AAA → IND803108AAB,2.2203463203463203
IND421302AAG → IND400102AAB,2.2188328912466844
IND425406AAA → IND425409AAA,2.215966386554622
IND242307AAB → IND207247AAB,2.2151116427432216
IND201304AAA → IND201301AAF,2.2142857142857144
IND425412AAA → IND425409AAA,2.2129032258064516
IND562132AAA → IND560066AAB,2.212121212121212
IND125001AAA → IND125051AAA,2.2115384615384617
IND815301AAA → IND814133AAB,2.211261261261261
IND248122AAB → IND248001AAA,2.210526315789474
IND302014AAA → IND303702AAB,2.210526315789474
IND586101AAB → IND416404AAA,2.2093023255813953
IND274509AAB → IND274304AAA,2.208333333333333
IND125005AAA → IND125047AAB,2.208235294117647
IND521185AAA → IND521225AAB,2.2073863636363633
IND781018AAB → IND793001AAA,2.206896551724138
IND476111AAA → IND477001AAB,2.2062937062937062
IND424006AAA → IND421302AAG,2.2057954799731485
IND243001AAA → IND243503AAB,2.2037037037037037
IND509103AAC → IND518002AAA,2.2033898305084745
IND444602AAA → IND444005AAB,2.2029411764705884
IND577201AAA → IND577432AAA,2.2027777777777775
IND484661AAE → IND484001AAA,2.20273556231003
IND794101AAA → IND781018AAB,2.201492537313433
IND431136AAC → IND431122AAA,2.2
IND821115AAB → IND802101AAA,2.2
IND767001AAA → IND762001AAA,2.2
IND209206AAB → IND210301AAA,2.2
IND785612AAB → IND781018AAB,2.198529411764706
IND000000ACB → IND474003AAA,2.1970443349753697
IND641008AAA → IND641011AAA,2.196078431372549
IND370110AAA → IND370001AAA,2.19375
IND110037AAM → IND110092AAC,2.193548387096774
IND787059AAB → IND791102AAA,2.1930232558139533
IND313001AAB → IND327001AAB,2.1923610041583244
IND403726AAA → IND416510AAA,2.1923076923076925
IND784001AAA → IND784168AAB,2.191447368421053
IND160002AAC → IND147101AAA,2.1904761904761907
IND425409AAA → IND424304AAC,2.1904761904761907
IND410505AAB → IND411033AAA,2.189230769230769
IND700065AAA → IND700026AAC,2.1891447368421053
IND562132AAA → IND462022AAA,2.1884550084889645
IND000000ACB → IND125001AAA,2.1875
IND441614AAA → IND481001AAA,2.1875
IND110037AAM → IND110064AAA,2.1875
IND241124AAB → IND242001AAA,2.1856617647058822
IND754103AAA → IND754142AAA,2.185185185185185
IND244901AAB → IND244921AAB,2.1818181818181817
IND485771AAA → IND486001AAA,2.1818181818181817
IND501359AAE → IND411033AAA,2.1812332827297043
IND784001AAA → IND790114AAA,2.178737541528239
IND147001AAB → IND160002AAC,2.177865612648221
IND767017AAA → IND768004AAD,2.1778026279004754
IND68004AAA → IND683511AAA,2.1775491949910553
IND444005AAB → IND443301AAA,2.177522349936143
IND783370AAC → IND783301AAA,2.1766917293233083
IND509358AAA → IND508248AAB,2.176470588235294
IND000000AFG → IND673632AAA,2.176245210727969
IND302014AAB → IND302026AAA,2.175
IND122002AAD → IND122503AAA,2.1739130434782608
IND205001AAB → IND209721AAB,2.1732142857142858
IND360490AAA → IND362001AAA,2.171990171990172
IND415709AAA → IND416012AAA,2.1717791411042944
IND786125AAA → IND786190AAA,2.1714285714285717
IND509324AAA → IND508248AAB,2.1714285714285713
IND721306AAA → IND721133AAA,2.167763157894737
IND516227AAA → IND515004AAA,2.1673519736842106
IND274509AAB → IND274001AAA,2.166666666666667
IND442101AAB → IND445001AAB,2.1666666666666665
IND000000AFT → IND410209AAA,2.1666666666666665
IND516115AAA → IND517501AAB,2.1666666666666665
IND500055AAC → IND501401AAC,2.1666666666666665
IND638001AAA → IND638052AAA,2.1666666666666665
IND382430AAB → IND380054AAA,2.1666666666666665
IND201007AAA → IND245101AAA,2.1660377358490566
IND504201AAA → IND505001AAB,2.164984378755107
IND501359AAE → IND462022AAA,2.164803946053946
IND587103AAB → IND582101AAB,2.1630434782608696
IND504215AAA → IND505001AAB,2.16
IND600048AAA → IND600044AAD,2.159090909090909
IND205001AAB → IND205135AAA,2.1578947368421053
IND600016AAA → IND600119AAA,2.1575757575757573
IND517325AAA → IND517408AAA,2.15625
IND712311AAA → IND421302AAG,2.1556319179482264
IND125047AAB → IND125051AAA,2.1551724137931036
IND632301AAA → IND606803AAA,2.1539473684210524
IND733202AAC → IND733210AAA,2.1538461538461537
IND631003AAA → IND600056AAB,2.1538461538461537
IND607106AAA → IND607801AAA,2.1538461538461537
IND275303AAA → IND276140AAA,2.1525735294117645
IND411033AAA → IND421302AAG,2.151923076923077
IND124507AAA → IND131028AAB,2.150974025974026
IND580028AAA → IND590016AAA,2.150943396226415
IND283203AAA → IND282002AAD,2.150892857142857
IND500008AAD → IND501359AAE,2.15
IND721253AAC → IND721306AAA,2.15
IND485001AAC → IND471001AAA,2.148575223375996
IND125001AAA → IND110037AAM,2.146067415730337
IND147001AAD → IND160002AAC,2.1457800511508953
IND421302AAG → IND110037AAM,2.144144144144144
IND402107AAA → IND402109AAA,2.1435897435897435
IND517501AAB → IND517583AAA,2.142857142857143
IND431603AAA → IND413531AAA,2.142857142857143
IND533401AAA → IND533106AAA,2.142171717171717
IND577101AAA → IND577132AAD,2.1396103896103895
IND384265AAB → IND385340AAB,2.13953488372093
IND121004AAB → IND121004AAC,2.1394230769230766
IND572201AAB → IND573103AAA,2.1390977443609023
IND501359AAE → IND000000ACB,2.138512233893432
IND411033AAA → IND431603AAA,2.1365079365079365
IND679322AAA → IND673639AAA,2.136217948717949
IND173025AAA → IND160002AAC,2.135294117647059
IND411014AAA → IND411033AAA,2.133928571428571
IND535591AAA → IND535558AAA,2.1333333333333333
IND144001AAC → IND160002AAC,2.1318840579710145
IND713145AAB → IND741101AAB,2.131074168797954
IND574104AAA → IND574216AAA,2.1291666666666664
IND854105AAA → IND853204AAA,2.1273684210526316
IND506169AAB → IND505503AAA,2.125
IND731224AAA → IND742147AAA,2.125
IND600056AAB → IND631501AAA,2.125
IND500039AAB → IND501301AAC,2.125
IND402301AAA → IND402107AAA,2.125
IND825102AAA → IND827013AAA,2.125
IND282001AAF → IND283122AAB,2.125
IND370110AAA → IND370615AAB,2.124868282402529
IND815353AAA → IND814133AAB,2.124401913875598
IND517583AAA → IND516101AAA,2.1234756097560976
IND781018AAB → IND785621AAA,2.1231884057971016
IND786001AAB → IND785675AAA,2.1222222222222222
IND803101AAA → IND805110AAD,2.1213235294117645
IND312605AAB → IND313001AAB,2.1210445468509986
IND505326AAA → IND505425AAA,2.1201680672268908
IND787057AAA → IND787059AAB,2.12
IND484551AAA → IND484001AAA,2.1192307692307693
IND560002AAA → IND560099AAB,2.119047619047619
IND607801AAA → IND606003AAA,2.1180555555555554
IND205135AAA → IND283203AAA,2.1176470588235294
IND788026AAC → IND781018AAB,2.116883116883117
IND380005AAA → IND382721AAA,2.1153846153846154
IND758001AAA → IND758035AAA,2.1153846153846154
IND209304AAA → IND221313AAA,2.1146964093999765
IND508206AAA → IND508207AAB,2.1142857142857143
IND202001AAB → IND110037AAM,2.1137362637362638
IND364290AAA → IND365560AAB,2.1125226860254083
IND000000ACB → IND821115AAB,2.1115537848605577
IND600110AAA → IND600056AAD,2.111111111111111
IND202001AAB → IND205001AAB,2.111111111111111
IND000000AFJ → IND695572AAB,2.111111111111111
IND783370AAB → IND783301AAA,2.1107142857142858
IND207247AAB → IND205001AAB,2.1106237816764133
IND610001AAA → IND605010AAB,2.1102918586789556
IND842001AAA → IND846004AAA,2.1100000000000003
IND712310AAE → IND711303AAA,2.1096096096096097
IND591307AAC → IND580030AAA,2.108695652173913
IND362720AAA → IND362560AAA,2.107142857142857
IND283203AAA → IND110037AAM,2.1070261437908497
IND152026AAA → IND152107AAA,2.1064425770308124
IND524101AAB → IND517501AAB,2.1062653562653564
IND243503AAB → IND244901AAB,2.106060606060606
IND585401AAA → IND502286AAB,2.1053113553113554
IND532001AAB → IND532421AAA,2.1052631578947367
IND845418AAB → IND845438AAA,2.1052631578947367
IND815301AAA → IND815353AAA,2.104761904761905
IND302014AAA → IND306401AAB,2.104731109598366
IND483225AAA → IND483501AAA,2.1034632034632033
IND781018AAB → IND785612AAB,2.1033723522853958
IND533262AAA → IND533201AAA,2.103238866396761
IND756019AAA → IND757025AAA,2.1026315789473684
IND500008AAC → IND500084AAB,2.101754385964912
IND262701AAA → IND262802AAA,2.1004901960784315
IND533003AAA → IND533106AAA,2.1
IND515671AAA → IND515591AAA,2.1
IND176110AAB → IND177033AAA,2.1
IND577432AAA → IND577126AAA,2.1
IND501359AAE → IND500039AAC,2.1
IND500080AAB → IND501359AAE,2.1
IND743235AAA → IND743270AAA,2.1
IND421302AAG → IND410401AAA,2.0982357658380115
IND000000ACB → IND110024AAA,2.098148148148148
IND691551AAA → IND691001AAB,2.098086124401914
IND712311AAA → IND713205AAB,2.0980392156862746
IND425412AAA → IND425406AAA,2.0954887218045113
IND424006AAA → IND424304AAC,2.0954088952654235
IND431122AAA → IND431127AAA,2.0952380952380953
IND131028AAB → IND201204AAA,2.0952380952380953
IND470004AAA → IND462022AAA,2.09375
IND501359AAE → IND500010AAB,2.0930232558139537
IND382715AAA → IND382430AAB,2.090909090909091
IND382430AAB → IND382345AAA,2.090909090909091
IND736135AAA → IND736101AAA,2.0890269151138714
IND743513AAA → IND743347AAA,2.0884615384615386
IND563125AAB → IND560300AAB,2.0879227053140097
IND517644AAA → IND524132AAA,2.087445887445887
IND305001AAC → IND305802AAA,2.087037037037037
IND721306AAA → IND721507AAA,2.0869565217391304
IND174021AAA → IND176048AAA,2.086666666666667
IND505184AAC → IND505001AAB,2.0833333333333335
IND306304AAB → IND311302AAA,2.0815217391304346
IND504293AAA → IND505001AAB,2.081081081081081
IND575004AAB → IND576101AAA,2.08
IND688524AAA → IND683511AAA,2.08
IND488001AAA → IND471001AAA,2.079483695652174
IND388320AAA → IND390022AAA,2.0789473684210527
IND422011AAD → IND413709AAA,2.078125
IND209304AAA → IND110037AAM,2.0775193798449614
IND110085AAB → IND110039AAA,2.076923076923077
IND201007AAA → IND201005AAA,2.076923076923077
IND000000AEM → IND110037AAB,2.076923076923077
IND110085AAB → IND110085AAA,2.076923076923077
IND313001AAB → IND312001AAA,2.0759493670886076
IND515801AAA → IND515761AAA,2.075757575757576
IND160002AAC → IND000000ACB,2.075716625716626
IND160002AAC → IND144001AAB,2.074497574497575
IND842001AAA → IND845401AAA,2.074453551912568
IND450331AAA → IND452001AAC,2.074074074074074
IND721139AAC → IND721602AAB,2.0734126984126986
IND476001AAA → IND476111AAA,2.072916666666667
IND281401AAA → IND121004AAB,2.0727272727272728
IND690537AAA → IND689503AAB,2.0714285714285716
IND431136AAC → IND411033AAA,2.0708333333333337
IND614809AAA → IND610001AAA,2.070598006644518
IND243001AAA → IND244901AAB,2.070588235294118
IND281121AAB → IND110037AAM,2.0676658723190773
IND125001AAA → IND335501AAA,2.0676544590438914
IND757025AAA → IND757001AAA,2.066666666666667
IND721212AAA → IND712310AAE,2.066397652237711
IND781018AAB → IND781102AAA,2.0625
IND600032AAB → IND600076AAB,2.0625
IND842001AAA → IND848114AAA,2.0625
IND342005AAD → IND342601AAA,2.0625
IND140501AAA → IND160002AAC,2.0625
IND125033AAA → IND125005AAA,2.0620915032679736
IND533106AAA → IND501359AAE,2.061318407960199
IND341503AAB → IND341510AAB,2.0606060606060606
IND248001AAA → IND131028AAB,2.0602569473537216
IND342602AAC → IND311302AAA,2.0597973807758834
IND641008AAA → IND641001AAA,2.0588235294117645
IND276305AAA → IND223101AAB,2.058461538461539
IND144040AAA → IND144001AAB,2.057565789473684
IND768216AAA → IND770001AAA,2.057563025210084
IND303901AAA → IND304001AAA,2.05718954248366
IND781018AAB → IND781003AAA,2.0555555555555554
IND575004AAB → IND574211AAA,2.0555555555555554
IND416602AAC → IND411033AAA,2.054127052722558
IND136128AAA → IND136027AAA,2.0540935672514617
IND627401AAA → IND627005AAA,2.054054054054054
IND249407AAA → IND246149AAA,2.0526315789473686
IND110037AAM → IND110035AAC,2.0513157894736844
IND110037AAM → IND131028AAB,2.051282051282051
IND505001AAB → IND505209AAA,2.05
IND792001AAA → IND786001AAB,2.05
IND505001AAB → IND501359AAE,2.0481927710843375
IND110044AAB → IND110037AAM,2.0476190476190474
IND174103AAA → IND160002AAC,2.047575757575758
IND504296AAA → IND505001AAB,2.046875
IND431514AAA → IND431515AAA,2.046536796536796
IND413531AAA → IND413517AAA,2.0434782608695654
IND209304AAA → IND208006AAA,2.0434782608695654
IND811307AAA → IND811213AAA,2.0431985294117645
IND125001AAA → IND125047AAB,2.0424603174603173
IND110083AAA → IND110085AAB,2.042016806722689
IND854326AAB → IND852131AAA,2.041940789473684
IND302014AAB → IND302020AAA,2.041666666666667
IND362001AAA → IND362220AAA,2.0416666666666665
IND757024AAA → IND756019AAA,2.0414123801220576
IND110037AAM → IND282001AAC,2.0399234345091606
IND854326AAB → IND000000ACB,2.039087947882736
IND425406AAA → IND425412AAA,2.038095238095238
IND575004AAB → IND574227AAA,2.037037037037037
IND591302AAB → IND580028AAA,2.0365853658536586
IND722154AAA → IND712602AAA,2.0357142857142856
IND600083AAA → IND600116AAB,2.0357142857142856
IND834002AAB → IND832109AAB,2.0344827586206895
IND243002AAA → IND243503AAB,2.033769063180828
IND425409AAA → IND425412AAA,2.033333333333333
IND263645AAA → IND263601AAA,2.0315126050420167
IND160002AAC → IND147105AAA,2.03125
IND000000ACB → IND302014AAA,2.029827662395051
IND600073AAA → IND603203AAA,2.0297619047619047
IND421302AAG → IND712311AAA,2.029187817258883
IND600016AAC → IND600056AAB,2.0277777777777777
IND380054AAA → IND382430AAB,2.0277777777777777
IND277201AAA → IND221706AAA,2.0272727272727273
IND403702AAA → IND575004AAB,2.0267562470532767
IND000000ACB → IND712311AAA,2.026579314094646
IND843105AAB → IND848101AAA,2.025
IND516390AAA → IND515004AAA,2.023935366958623
IND403726AAB → IND403401AAA,2.0231481481481484
IND333028AAA → IND333504AAA,2.0220306513409962
IND244713AAA → IND263401AAA,2.0217391304347827
IND688009AAA → IND686028AAB,2.0217391304347827
IND263601AAA → IND263645AAA,2.0215201465201464
IND362265AAA → IND362720AAA,2.02
IND686540AAA → IND686028AAB,2.0191387559808613
IND600056AAB → IND600032AAB,2.0185185185185186
IND742137AAA → IND742401AAA,2.0172413793103448
IND305802AAA → IND341512AAA,2.0165912518853695
IND629179AAA → IND627005AAA,2.0153846153846153
IND484446AAA → IND842003AAB,2.0150490624696396
IND813102AAA → IND812002AAA,2.0125
IND758034AAA → IND756100AAC,2.0120481927710845
IND791125AAB → IND791102AAA,2.011904761904762
IND342005AAD → IND342902AAA,2.0106382978723403
IND173212AAA → IND160002AAC,2.0105263157894737
IND508207AAB → IND521225AAB,2.01
IND476111AAA → IND477001AAA,2.0098039215686274
IND530012AAA → IND501359AAE,2.009478672985782
IND000000ACB → IND127021AAA,2.0081092616303886
IND263401AAA → IND263153AAB,2.007803790412486
IND627005AAA → IND629001AAA,2.007142857142857
IND174101AAB → IND160002AAC,2.0064935064935066
IND403726AAA → IND581400AAB,2.006085686465433
IND781018AAB → IND784001AAA,2.0041322314049586
IND591307AAC → IND580002AAA,2.00278293135436
IND144601AAA → IND144001AAA,2.0018382352941178
IND509124AAA → IND518002AAA,2.0
IND673592AAA → IND673121AAA,2.0
IND261001AAA → IND262701AAA,2.0
IND591102AAA → IND591307AAC,2.0
IND733129AAB → IND733129AAA,2.0
IND362220AAA → IND362225AAA,2.0
IND209304AAA → IND208012AAA,2.0
IND733201AAA → IND733202AAB,2.0
IND209304AAA → IND209801AAA,2.0
IND500010AAA → IND501359AAE,2.0
IND721306AAA → IND721102AAA,2.0
IND495677AAA → IND496001AAA,2.0
IND562132AAA → IND683511AAA,2.0
IND562132AAA → IND560085AAA,2.0
IND250611AAA → IND247776AAA,2.0
IND000000AFT → IND400072AAB,2.0
IND110024AAA → IND110014AAA,2.0
IND382430AAB → IND313001AAB,2.0
IND421302AAG → IND395023AAA,2.0
IND125033AAA → IND125001AAA,2.0
IND271201AAA → IND271210AAA,2.0
IND250002AAA → IND131028AAB,2.0
IND577002AAA → IND581115AAC,2.0
IND751015AAA → IND751002AAB,2.0
IND462022AAA → IND209304AAA,2.0
IND751015AAA → IND752056AAA,2.0
IND302014AAB → IND302004AAA,2.0
IND752056AAA → IND751002AAB,2.0
IND754160AAA → IND754142AAA,2.0
IND841301AAC → IND841226AAB,2.0
IND110085AAB → IND110087AAA,2.0
IND506002AAA → IND506143AAA,2.0
IND758034AAA → IND758001AAA,2.0
IND531001AAA → IND531116AAA,2.0
IND431203AAA → IND431112AAB,2.0
IND400102AAB → IND421302AAG,2.0
IND148023AAA → IND148024AAB,2.0
IND282002AAD → IND204101AAA,2.0
IND422103AAC → IND423601AAA,2.0
IND423109AAA → IND423601AAA,2.0
IND390018AAB → IND390020AAA,2.0
IND123401AAB → IND000000ACB,2.0
IND784001AAA → IND784101AAA,2.0
IND421302AAG → IND462022AAA,2.0
IND785001AAA → IND785112AAC,2.0
IND387620AAB → IND389230AAB,2.0
IND605601AAA → IND607106AAA,2.0
IND000000ACB → IND110095AAB,2.0
IND121004AAB → IND121102AAA,2.0
IND416012AAA → IND591237AAB,1.9990530303030303
IND518501AAA → IND518124AAA,1.998768472906404
IND110037AAM → IND421302AAG,1.9971014492753623
IND508213AAB → IND508001AAA,1.9947121034077557
IND518422AAB → IND518102AAA,1.9935064935064934
IND562132AAA → IND751002AAB,1.9902325518012032
IND762001AAA → IND759122AAC,1.9898989898989898
IND757041AAA → IND757001AAA,1.989648033126294
IND824101AAA → IND821115AAB,1.989463601532567
IND458990AAA → IND312605AAB,1.9893939393939393
IND560043AAC → IND562132AAA,1.9893483709273183
IND413307AAC → IND413002AAA,1.988888888888889
IND761200AAA → IND532001AAB,1.9883720930232558
IND562132AAA → IND395023AAA,1.98812351543943
IND457001AAA → IND382430AAB,1.9875531201073584
IND126102AAA → IND131301AAA,1.9873015873015873
IND444005AAB → IND421302AAG,1.9871794871794872
IND415301AAB → IND413307AAB,1.9864864864864864
IND000000ACB → IND201301AAM,1.9852941176470589
IND462022AAA → IND465669AAB,1.9850746268656716
IND834002AAB → IND829122AAA,1.984375
IND683511AAA → IND686028AAB,1.9830508474576272
IND160002AAC → IND000000ACA,1.9814251941911518
IND110037AAM → IND121004AAB,1.9807692307692308
IND793001AAA → IND781018AAB,1.9803921568627452
IND143001AAA → IND144001AAB,1.9797959183673468
IND421302AAG → IND401104AAB,1.9783333333333335
IND303002AAA → IND302014AAA,1.9782608695652173
IND501359AAE → IND508252AAB,1.9777777777777779
IND852118AAA → IND854326AAB,1.9777777777777779
IND411033AAA → IND431136AAC,1.9772784970804773
IND385535AAA → IND384205AAA,1.9772727272727273
IND811307AAA → IND811201AAB,1.9772727272727273
IND273014AAB → IND273304AAA,1.9767441860465116
IND341505AAA → IND341510AAB,1.9759803921568626
IND505001AAB → IND504251AAA,1.9757806737152692
IND263645AAA → IND262501AAA,1.975531914893617
IND600110AAA → IND600056AAB,1.975
IND751015AAA → IND752055AAA,1.973684210526316
IND360003AAA → IND360311AAA,1.9722222222222223
IND251309AAB → IND131028AAB,1.971825396825397
IND460001AAA → IND480334AAA,1.9714574898785426
IND123401AAB → IND123106AAB,1.97
IND847103AAA → IND847404AAB,1.9696969696969697
IND533106AAA → IND533262AAA,1.96875
IND142001AAB → IND151001AAA,1.9686147186147185
IND306401AAB → IND302014AAA,1.968503937007874
IND152101AAA → IND152026AAA,1.965192465192465
IND110037AAM → IND201007AAA,1.964705882352941
IND000000AEM → IND110064AAB,1.9645989974937343
IND686513AAA → IND686540AAA,1.9642857142857144
IND302014AAB → IND304001AAA,1.9642857142857144
IND000000ACB → IND124112AAA,1.9634146341463414
IND581325AAA → IND580028AAA,1.9632996632996633
IND533308AAB → IND533106AAA,1.962962962962963
IND110037AAM → IND201301AAF,1.962962962962963
IND758001AAA → IND757037AAA,1.962962962962963
IND248001AAD → IND131028AAB,1.962962962962963
IND285205AAB → IND210431AAA,1.9625
IND752055AAA → IND751002AAB,1.9615384615384617
IND845412AAB → IND845401AAA,1.9615384615384617
IND583201AAA → IND583227AAA,1.9615384615384615
IND781018AAB → IND784125AAA,1.9605263157894737
IND126112AAA → IND131028AAB,1.9603174603174602
IND223101AAB → IND222125AAB,1.96011396011396
IND261201AAB → IND261001AAA,1.959375
IND600076AAB → IND600056AAB,1.9590840840840842
IND518401AAA → IND518422AAB,1.9583333333333335
IND305601AAC → IND305001AAC,1.9575163398692812
IND563131AAB → IND560300AAA,1.9574468085106382
IND465333AAA → IND462022AAA,1.9569641523525019
IND000000ACB → IND124103AAA,1.9565217391304348
IND431603AAA → IND431708AAA,1.9565217391304348
IND641011AAA → IND641062AAD,1.9565217391304348
IND530012AAA → IND531162AAA,1.9545454545454546
IND783301AAA → IND783348AAA,1.9545454545454546
IND000000ACB → IND282002AAD,1.9532710280373833
IND723202AAA → IND713205AAB,1.9506944444444443
IND413002AAA → IND413304AAA,1.9505494505494505
IND641062AAD → IND641008AAA,1.9500000000000002
IND000000ACB → IND122015AAC,1.95
IND523226AAA → IND523316AAB,1.95
IND396580AAB → IND396321AAA,1.9494252873563218
IND425406AAA → IND425405AAA,1.9484126984126984
IND506167AAB → IND501359AAE,1.9483333333333333
IND570020AAA → IND571602AAA,1.9479166666666665
IND505209AAA → IND505001AAB,1.9473684210526316
IND576201AAA → IND581320AAA,1.9473684210526314
IND422011AAD → IND421302AAG,1.9460912525428655
IND360530AAB → IND362001AAA,1.945945945945946
IND431136AAC → IND431112AAB,1.944947209653092
IND815301AAA → IND814112AAA,1.9433962264150944
IND413304AAA → IND413002AAA,1.9423076923076923
IND600008AAA → IND600044AAC,1.9422180801491145
IND282002AAD → IND110037AAM,1.9419277108433735
IND507002AAA → IND507159AAA,1.9411764705882353
IND824101AAA → IND821307AAA,1.9411764705882353
IND500050AAA → IND501359AAE,1.9411764705882353
IND509103AAB → IND509103AAC,1.9411764705882353
IND821115AAB → IND824101AAA,1.9411764705882353
IND781102AAA → IND781018AAB,1.9411764705882353
IND521105AAA → IND534001AAA,1.941176470588235
IND431708AAA → IND431514AAA,1.9409722222222223
IND302014AAB → IND303901AAA,1.9403508771929825
IND507002AAA → IND508207AAB,1.9401515151515152
IND732138AAA → IND733124AAA,1.9398148148148149
IND313001AAB → IND306401AAB,1.9391705069124425
IND306116AAA → IND306001AAA,1.9390243902439024
IND518002AAA → IND509103AAB,1.9387071344107212
IND110037AAM → IND282001AAA,1.9384941675503713
IND561207AAB → IND572101AAA,1.938157894736842
IND425412AAA → IND424304AAC,1.9375
IND000000ACB → IND834002AAB,1.9363636363636363
IND110037AAM → IND282002AAD,1.9362701252236136
IND000000ACA → IND160002AAC,1.9361702127659575
IND625516AAA → IND685514AAA,1.934782608695652
IND263153AAB → IND131028AAB,1.9344262295081966
IND515411AAA → IND516360AAB,1.9341221618164375
IND562132AAA → IND302014AAA,1.93349450394801
IND742147AAA → IND742137AAA,1.9333333333333333
IND827013AAA → IND829121AAA,1.9333333333333333
IND334001AAB → IND334803AAA,1.9326530612244899
IND834002AAB → IND000000ACB,1.9321710792562141
IND533201AAA → IND533262AAA,1.9313063063063063
IND577201AAA → IND562132AAA,1.9310344827586208
IND421302AAG → IND160002AAC,1.930921052631579
IND000000ACB → IND751002AAB,1.930795847750865
IND000000ACB → IND521225AAB,1.9303796518607443
IND160002AAC → IND135001AAA,1.930232558139535
IND591115AAB → IND580028AAA,1.9301801801801801
IND501359AAE → IND413002AAA,1.9296711707733523
IND712311AAA → IND000000ACB,1.9296020685356337
IND411033AAA → IND580028AAA,1.9291338582677164
IND362001AAA → IND362265AAA,1.9291101055806936
IND140301AAA → IND140901AAA,1.9285714285714286
IND751002AAB → IND712311AAA,1.92776886035313
IND382430AAB → IND395023AAA,1.9267389437526836
IND342601AAA → IND342902A1B,1.926065162907268
IND487551AAA → IND464668AAA,1.9253731343283582
IND508206AAA → IND507002AAA,1.925
IND305001AAC → IND306401AAB,1.9245283018867925
IND758034AAA → IND757037AAA,1.924074074074074
IND384205AAA → IND382430AAB,1.923885511651469
IND160002AAC → IND147001AAB,1.9233766233766234
IND411033AAA → IND411021AAA,1.9230769230769231
IND501359AAE → IND500080AAB,1.9230769230769231
IND609001AAA → IND614018AAA,1.9216575922565033
IND335051AAA → IND335513AAA,1.9212121212121214
IND562132AAA → IND577501AAA,1.9204054503157195
IND530012AAC → IND533106AAA,1.9201814419863124
IND609110AAA → IND609602AAA,1.920112781954887
IND232104AAB → IND232327AAA,1.92
IND400072AAB → IND411033AAA,1.9184883720930233
IND721401AAA → IND721306AAA,1.9181481481481482
IND784176AAA → IND781018AAB,1.9176065162907268
IND683565AAA → IND683511AAA,1.9166666666666665
IND712311AAA → IND721306AAA,1.9160798122065728
IND321408AAB → IND321606AAA,1.9154094827586206
IND853204AAA → IND851204AAA,1.9130434782608696
IND571301AAA → IND571111AAB,1.9130434782608696
IND401501AAA → IND401602AAA,1.9130434782608696
IND757001AAA → IND757041AAA,1.9130434782608696
IND302014AAB → IND302006AAA,1.912878787878788
IND160002AAC → IND143001AAA,1.9126984126984128
IND244921AAB → IND262001AAA,1.9125
IND160002AAC → IND184104AAA,1.9113403327807452
IND000000ACB → IND842001AAA,1.9097730209562336
IND600116AAB → IND600056AAA,1.9090909090909092
IND395023AAA → IND394221AAA,1.9090909090909092
IND121001AAA → IND121004AAB,1.9090909090909092
IND562132AAA → IND560048AAB,1.9089285714285715
IND110037AAM → IND209304AAA,1.9080459770114941
IND000000AFR → IND683511AAA,1.9045454545454545
IND560002AAA → IND562132AAA,1.903225806451613
IND587103AAB → IND582209AAA,1.901639344262295
IND403507AAB → IND403726AAB,1.9011627906976745
IND570020AAA → IND571301AAA,1.9
IND821307AAA → IND824101AAA,1.9
IND363421AAB → IND364710AAA,1.9
IND764001AAC → IND764059AAA,1.9
IND160002AAC → IND160102AAC,1.9
IND411033AAA → IND400072AAB,1.8991307292842627
IND144001AAC → IND000000ACA,1.8987394957983192
IND131028AAB → IND250002AAA,1.8983050847457628
IND585104AAA → IND585211AAA,1.8982758620689655
IND251201AAA → IND250002AAA,1.8976480836236933
IND600032AAB → IND600044AAD,1.8954545454545455
IND201301AAM → IND000000ACB,1.894736842105263
IND431127AAA → IND414502AAA,1.894736842105263
IND821115AAB → IND000000ACB,1.8937823834196892
IND403726AAA → IND575004AAB,1.8934883720930231
IND421302AAG → IND000000ACB,1.8933030646992055
IND786184AAA → IND786190AAA,1.8928571428571428
IND416510AAA → IND416606AAA,1.89272030651341
IND362001AAA → IND360370AAA,1.8920454545454546
IND500032AAA → IND502295AAA,1.8920454545454546
IND416122AAA → IND395023AAA,1.8914141414141414
IND470004AAA → IND473443AAA,1.8912274166511454
IND125001AAA → IND000000ACB,1.8910463861920173
IND785621AAA → IND785001AAA,1.8908268733850129
IND723101AAA → IND723202AAA,1.889328063241107
IND282002AAD → IND205001AAB,1.8891941391941391
IND509301AAA → IND501359AAE,1.8887179487179486
IND000000ACB → IND382430AAB,1.8881278538812785
IND125001AAA → IND335524AAA,1.8879233511586453
IND842001AAA → IND845418AAB,1.8875
IND124103AAA → IND127021AAA,1.8846153846153846
IND263601AAA → IND262501AAA,1.8841123125218
IND581314AAA → IND403726AAA,1.8839285714285714
IND786001AAB → IND786190AAA,1.8837209302325582
IND843301AAA → IND843320AAA,1.883076923076923
IND132103AAB → IND131028AAB,1.8823529411764706
IND305001AAC → IND305901AAA,1.8823529411764706
IND144401AAB → IND144001AAB,1.8819444444444444
IND416012AAA → IND415003AAA,1.88135593220339
IND473226AAA → IND474003AAA,1.8803088803088803
IND502295AAA → IND500050AAA,1.88
IND826004AAA → IND821115AAB,1.8798008534850639
IND201301AAF → IND203205AAA,1.8777777777777778
IND176048AAA → IND175015AAA,1.8774909420289856
IND411033AAA → IND416012AAA,1.8771551724137931
IND152026AAA → IND152024AAA,1.8761904761904762
IND521001AAA → IND521165AAA,1.876068376068376
IND423701AAB → IND422011AAD,1.8757716049382716
IND713103AAA → IND713205AAB,1.875
IND470004AAA → IND470117AAA,1.875
IND604303AAA → IND603102AAA,1.875
IND620020AAA → IND621112AAA,1.875
IND442605AAA → IND441603AAA,1.875
IND441603AAA → IND442605AAA,1.875
IND641607AAA → IND641654AAA,1.875
IND562159AAA → IND562117AAA,1.8731884057971016
IND244221AAA → IND131028AAB,1.873015873015873
IND603102AAA → IND600056AAB,1.872340425531915
IND577598AAC → IND577501AAA,1.8716108452950557
IND332713AAA → IND332715AAB,1.8715213358070502
IND000000ACB → IND421302AAG,1.8706467661691542
IND793150AAA → IND781018AAB,1.870503597122302
IND246701AAA → IND246763AAA,1.8704453441295548
IND473331AAA → IND473226AAA,1.8695652173913044
IND421302AAG → IND131028AAB,1.8692946058091287
IND486889AAA → IND231205AAA,1.8692307692307693
IND560300AAB → IND563130AAA,1.8689931350114417
IND176215AAA → IND176061AAA,1.8681159420289855
IND342601AAA → IND342902AAA,1.8678571428571429
IND244921AAB → IND243201AAA,1.8675213675213675
IND232101AAB → IND232104AAB,1.8666666666666667
IND395023AAD → IND395006AAA,1.8666666666666667
IND505425AAA → IND505001AAB,1.8666666666666667
IND110037AAM → IND110085AAB,1.8660714285714286
IND572201AAB → IND577116AAA,1.8653846153846154
IND110037AAM → IND226004AAC,1.8646459304841114
IND731301AAA → IND713205AAB,1.8644067796610169
IND509124AAA → IND509103AAB,1.8626373626373627
IND421302AAG → IND411033AAA,1.861482558139535
IND209111AAA → IND285001AAD,1.8611111111111112
IND577598AAB → IND573142AAA,1.8608590441621295
IND562132AAA → IND560058AAB,1.8605769230769231
IND452001AAC → IND425508AAB,1.8598104793756969
IND533106AAA → IND534260AAC,1.8596491228070176
IND721501AAC → IND721253AAC,1.8591723874904653
IND000000ACB → IND160002AAC,1.8590322580645162
IND502286AAB → IND502220AAC,1.8585714285714285
IND274001AAA → IND274509AAB,1.8575
IND614620AAA → IND630561AAA,1.8571428571428572
IND515761AAA → IND515004AAA,1.8571428571428572
IND574227AAA → IND574104AAA,1.8571428571428572
IND767001AAA → IND767017AAA,1.8571428571428572
IND131028AAB → IND251001AAA,1.8565116768356829
IND505326AAB → IND505327AAA,1.8550724637681162
IND505302AAB → IND505327AAA,1.8541666666666665
IND431717AAA → IND431603AAA,1.853658536585366
IND637301AAA → IND638001AAA,1.8529411764705883
IND461111AAA → IND460001AAA,1.851947656725502
IND131028AAB → IND136118AAA,1.8518518518518519
IND395023AAA → IND396191AAC,1.8513603925066904
IND636005AAA → IND636016AAA,1.85
IND571104AAA → IND577598AAB,1.85
IND713205AAB → IND713303AAA,1.8492647058823528
IND421302AAG → IND382430AAB,1.8489543726235742
IND321001AAB → IND321401AAB,1.847902097902098
IND483501AAA → IND483770AAA,1.8478260869565217
IND424006AAA → IND425412AAA,1.8465909090909092
IND582209AAA → IND582101AAB,1.8461538461538463
IND848210AAA → IND851127AAA,1.8461538461538463
IND311001AAA → IND313324AAA,1.8461538461538463
IND502220AAC → IND501359AAE,1.8456349206349207
IND591302AAB → IND591115AAB,1.8453947368421053
IND507117AAB → IND507303AAA,1.8448867536032942
IND641607AAA → IND641062AAD,1.8448275862068966
IND142401AAA → IND000000ACA,1.84375
IND160002AAC → IND147001AAD,1.8433014354066986
IND607001AAA → IND608001AAA,1.8425925925925926
IND530012AAA → IND531001AAA,1.8421052631578947
IND110037AAK → IND000000ACB,1.8421052631578947
IND826004AAA → IND815353AAA,1.8419972640218878
IND177033AAA → IND160002AAC,1.8419312169312168
IND500055AAA → IND501401AAC,1.8419117647058822
IND411033AAA → IND521225AAB,1.8399311531841653
IND249407AAA → IND249201AAA,1.8397435897435899
IND563116AAA → IND563131AAB,1.8397435897435899
IND244001AAA → IND263153AAB,1.839657282741738
IND600116AAB → IND602024AAA,1.8375
IND431107AAB → IND431136AAC,1.835483870967742
IND842001AAA → IND847212AAA,1.8344748858447488
IND733128AAA → IND733134AAA,1.8333333333333333
IND122001AAD → IND122050AAA,1.8333333333333333
IND583227AAA → IND583231AAA,1.8333333333333333
IND424101AAA → IND431103AAA,1.8333333333333333
IND413002AAA → IND413307AAC,1.8333333333333333
IND826004AAA → IND209304AAA,1.8313832695462002
IND302014AAA → IND313001AAB,1.8313253012048192
IND825409AAA → IND000000ACB,1.831159420289855
IND144527AAA → IND141115AAA,1.8303167420814481
IND209304AAA → IND000000ACB,1.8289455942830175
IND411033AAA → IND414001AAA,1.8285714285714285
IND148102AAA → IND151001AAA,1.8275862068965518
IND713205AAB → IND722122AAA,1.826271186440678
IND722122AAA → IND713205AAB,1.826086956521739
IND395023AAA → IND110037AAM,1.8255813953488371
IND431203AAA → IND431136AAC,1.8249158249158248
IND000000ACB → IND501359AAE,1.8243243243243243
IND500010AAA → IND500055AAA,1.8235294117647058
IND414001AAA → IND414203AAB,1.8235294117647058
IND600044AAE → IND600056AAB,1.8235294117647058
IND507002AAA → IND508206AAA,1.8229166666666665
IND571426AAA → IND571104AAA,1.8227848101265822
IND400072AAB → IND421302AAR,1.8221343873517786
IND131028AAB → IND124507AAA,1.8215369059656217
IND841405AAA → IND841301AAC,1.8214285714285714
IND781335AAA → IND000000AET,1.821206743566992
IND854105AAB → IND851204AAA,1.8209523809523809
IND676509AAA → IND679322AAA,1.8203463203463204
IND563131AAA → IND563125AAB,1.8192934782608696
IND362225AAA → IND362265AAA,1.8191721132897603
IND641607AAA → IND641664AAA,1.818421052631579
IND638701AAA → IND641607AAA,1.8181818181818181
IND141010AAA → IND000000ACA,1.8181818181818181
IND364270AAA → IND364001AAA,1.81656346749226
IND313324AAA → IND313001AAB,1.8157894736842106
IND606201AAC → IND605601AAA,1.8138528138528138
IND591115AAB → IND590016AAA,1.811764705882353
IND124141AAA → IND000000ACB,1.8113207547169812
IND127021AAA → IND127201AAA,1.810672514619883
IND175101AAA → IND160002AAC,1.810522002269575
IND632006AAA → IND632301AAA,1.8099798387096775
IND501359AAE → IND712311AAA,1.8097367462671037
IND803213AAA → IND811105AAA,1.8095813204508857
IND722101AAA → IND722122AAA,1.8095238095238095
IND583201AAA → IND583119AAA,1.8095238095238095
IND177001AAA → IND176110AAB,1.8095238095238095
IND585330AAE → IND585401AAA,1.8088235294117647
IND508377AAB → IND501359AAE,1.808695652173913
IND523002AAA → IND600056AAB,1.8082191780821917
IND502313AAA → IND503111AAC,1.8081494057724958
IND786190AAA → IND792103AAB,1.8075980392156863
IND231208AAA → IND231217AAA,1.8070652173913042
IND560300AAB → IND563116AAA,1.8064516129032258
IND560048AAB → IND562132AAA,1.80625
IND132001AAA → IND131028AAB,1.8056603773584907
IND247776AAA → IND251309AAB,1.8055555555555554
IND764059AAA → IND764071AAB,1.8055555555555554
IND466001AAA → IND466116AAA,1.8055555555555554
IND503111AAC → IND503185AAA,1.8047619047619048
IND416012AAA → IND395023AAA,1.8040226399838286
IND573142AAA → IND573201AAB,1.8038461538461539
IND560099AAG → IND560099AAB,1.8035714285714286
IND533003AAA → IND533401AAA,1.802439024390244
IND816107AAA → IND826004AAA,1.8023485513608428
IND273014AAB → IND277303AAC,1.8019607843137255
IND400016AAA → IND400015AAA,1.8
IND000000ACB → IND110043AAC,1.8
IND507111AAA → IND507303AAA,1.8
IND121004AAB → IND000000ACB,1.8
IND560027AAA → IND560099AAA,1.8
IND713205AAB → IND722101AAC,1.8
IND244901AAB → IND243002AAA,1.8
IND560078AAC → IND560099AAB,1.8
IND504215AAA → IND505326AAB,1.8
IND388620AAB → IND388320AAA,1.8
IND573134AAB → IND577101AAA,1.7992202729044835
IND854335AAA → IND852118A1B,1.7986111111111112
IND802301AAA → IND804401AAA,1.7980769230769231
IND000000ACT → IND160002AAC,1.7976190476190477
IND341505AAA → IND341503AAB,1.7970588235294118
IND422103AAC → IND422605AAA,1.796551724137931
IND532001AAB → IND532127AAA,1.796376811594203
IND000000ACB → IND390022AAA,1.7955271565495208
IND175001AAA → IND175101AAA,1.7945205479452055
IND132103AAA → IND131028AAB,1.7941176470588236
IND209304AAA → IND212601AAA,1.7937925170068028
IND141003AAB → IND000000ACA,1.7937062937062938
IND713145AAB → IND741316AAA,1.7916666666666667
IND145001AAA → IND176201AAA,1.7916666666666667
IND600016AAB → IND600044AAC,1.7899159663865547
IND504208AAB → IND504251AAA,1.7894736842105263
IND585104AAA → IND585314AAA,1.7894736842105263
IND144001AAA → IND144040AAA,1.7894736842105263
IND562108AAA → IND572101AAA,1.7888888888888888
IND506132AAA → IND122001AAJ,1.788676236044657
IND201301AAL → IND201301AAF,1.7884615384615383
IND160002AAC → IND131028AAB,1.787711814195995
IND518002AAA → IND501359AAE,1.787593984962406
IND751002AAB → IND760003AAB,1.7873031077054065
IND826004AAA → IND815301AAA,1.7872340425531914
IND560300AAA → IND563130AAA,1.786628733997155
IND473001AAA → IND473331AAA,1.7863247863247862
IND140901AAA → IND160055AAA,1.7857142857142858
IND403601AAA → IND403726AAB,1.7833333333333332
IND501359AAE → IND506002AAA,1.7831761006289308
IND854311AAA → IND852118A1B,1.7827380952380953
IND124112AAA → IND125033AAA,1.7823529411764705
IND713364AAB → IND712311AAA,1.782269367991845
IND632006AAA → IND600056AAB,1.781929347826087
IND532421AAA → IND532201AAA,1.78125
IND721253AAC → IND721501AAC,1.7808219178082192
IND457226AAA → IND382430AAB,1.780484697488746
IND160002AAC → IND142001AAB,1.7788461538461537
IND600116AAB → IND600056AAB,1.7777777777777777
IND431136AAC → IND431203AAA,1.7777777777777777
IND160002AAC → IND134203AAA,1.7777777777777777
IND177101AAA → IND176001AAA,1.7777777777777777
IND854311AAA → IND854334AAA,1.7777777777777777
IND395023AAD → IND396445AAA,1.7777777777777777
IND600032AAB → IND600056AAB,1.7777777777777777
IND388320AAA → IND388220AAA,1.7777777777777777
IND562132AAC → IND000000ACB,1.777644905069832
IND133004AAA → IND135001AAA,1.7765780730897012
IND507002AAA → IND508213AAB,1.7762923351158646
IND614018AAA → IND613104AAA,1.7762820512820512
IND247667AAA → IND249407AAA,1.776061776061776
IND572201AAB → IND573201AAB,1.7758333333333334
IND414203AAB → IND414302AAB,1.77561282212445
IND125005AAA → IND000000ACB,1.7755102040816326
IND110037AAM → IND201001AAC,1.7755102040816326
IND626123AAA → IND627756AAA,1.775
IND276128AAA → IND276305AAA,1.7748868778280542
IND695572AAB → IND000000AFJ,1.7747252747252746
IND501359AAE → IND751002AAB,1.7741935483870968
IND783348AAA → IND783129AAA,1.773621041879469
IND821115AAB → IND209304AAA,1.7732249502322495
IND000000ACB → IND600056AAB,1.7717842323651452
IND560085AAA → IND562132AAA,1.7714285714285714
IND585104AAA → IND585330AAE,1.7714285714285714
IND421302AAG → IND501359AAE,1.7708333333333333
IND580028AAA → IND591115AAB,1.7694352159468438
IND151505AAA → IND151506AAA,1.7692307692307692
IND811399AAA → IND209304AAA,1.7688747249411945
IND160002AAC → IND181152AAA,1.7680250783699059
IND756029AAA → IND712311AAA,1.7679824561403508
IND210501AAB → IND209304AAA,1.7678571428571428
IND560099AAB → IND560083AAB,1.7673611111111112
IND829122AAA → IND825301AAA,1.7672672672672673
IND322201AAA → IND302014AAB,1.7664335664335664
IND581110AAE → IND581119AAB,1.7660738714090287
IND000000AFG → IND673027AAB,1.7648953301127213
IND563131AAB → IND563116AAA,1.7647058823529411
IND422011AAD → IND423109AAA,1.7647058823529411
IND560099AAH → IND562125AAA,1.7647058823529411
IND712311AAA → IND751002AAB,1.7640737539613944
IND382430AAB → IND380005AAA,1.7638888888888888
IND302014AAB → IND303008AAB,1.7636363636363637
IND515004AAA → IND515671AAA,1.7633333333333332
IND504208AAB → IND505001AAB,1.7631160572337041
IND000000ACB → IND125005AAA,1.7626641651031894
IND845438AAA → IND845455AAB,1.7624223602484472
IND521301AAA → IND521001AAA,1.7623529411764705
IND583101AAA → IND577535AAC,1.7623007623007623
IND322001AAC → IND302014AAB,1.7619565217391304
IND508001AAA → IND501359AAE,1.7605603448275862
IND712311AAA → IND826004AAA,1.7581303831303832
IND131028AAB → IND247667AAB,1.7578817733990149
IND000000ACB → IND411033AAA,1.7577352472089314
IND140001AAA → IND140118AAA,1.7575757575757576
IND515301AAA → IND561202AAB,1.7573529411764706
IND505001AAA → IND505327AAA,1.7568710359408035
IND673592AAA → IND562132AAA,1.7567567567567568
IND421302AAG → IND413002AAA,1.7555555555555555
IND534001AAA → IND521333AAA,1.7541666666666667
IND335513AAA → IND335001AAA,1.7541478129713424
IND577132AAD → IND573134AAB,1.7539184952978055
IND501359AAE → IND500008AAC,1.753030303030303
IND000000ACB → IND462022AAA,1.7523526385862986
IND560099AAB → IND560078AAC,1.75
IND388220AAA → IND388320AAA,1.75
IND846004AAA → IND847103AAA,1.75
IND785001AAA → IND785682AAA,1.75
IND509301AAA → IND509216AAC,1.75
IND000000ACB → IND131028AAB,1.75
IND121002AAB → IND000000ACB,1.75
IND413709AAA → IND423109AAA,1.75
IND506143AAA → IND506167AAB,1.75
IND411033AAA → IND411036AAA,1.75
IND680587AAA → IND68004AAA,1.75
IND695121AAA → IND695572AAB,1.75
IND520011AAA → IND521185AAA,1.75
IND121004AAB → IND121004AAA,1.75
IND721636AAB → IND721602AAB,1.75
IND581343AAC → IND581314AAA,1.7495652173913043
IND621704AAA → IND621802AAA,1.7488505747126437
IND751002AAB → IND756100AAC,1.7486215538847119
IND382430AAB → IND387620AAB,1.7467948717948718
IND581334AAA → IND581314AAA,1.7460407239819005
IND625008AAA → IND626123AAA,1.744186046511628
IND382430AAB → IND000000ACB,1.744105335098885
IND424304AAC → IND425412AAA,1.742014742014742
IND390022AAA → IND395023AAA,1.7419354838709677
IND501359AAE → IND518002AAA,1.7419354838709677
IND000000ACB → IND328001AAA,1.7418941784424018
IND605010AAB → IND607001AAA,1.7413793103448276
IND562132AAA → IND600056AAB,1.7408999307261164
IND273014AAB → IND273155AAA,1.7407407407407407
IND575004AAB → IND671323AAD,1.7407407407407407
IND721602AAB → IND721139AAC,1.7404761904761905
IND586211AAA → IND585314AAA,1.7395833333333333
IND561202AAB → IND515134AAA,1.7393530997304583
IND742102AAB → IND713130AAA,1.7391304347826086
IND473443AAA → IND470113AAA,1.7391304347826086
IND341512AAA → IND341505AAA,1.7386363636363638
IND515004AAA → IND562132AAA,1.7386128364389233
IND625106AAA → IND625008AAA,1.737037037037037
IND414302AAB → IND412210AAC,1.736842105263158
IND521201AAA → IND521105AAA,1.736842105263158
IND560099AAB → IND683511AAB,1.7348495274795852
IND759122AAC → IND767017AAA,1.7347799259563965
IND562132AAA → IND000000ACB,1.7345395751989159
IND110037AAM → IND125001AAA,1.734375
IND501359AAE → IND500010AAA,1.7338638373121131
IND641062AAD → IND638401AAA,1.7333333333333334
IND400015AAA → IND421302AAG,1.7329545454545454
IND721501AAC → IND721306AAA,1.7327505827505827
IND395023AAA → IND562132AAA,1.7323290845886443
IND125005AAA → IND335513AAA,1.7321428571428572
IND365560AAA → IND365560AAB,1.7321428571428572
IND303503AAA → IND302014AAB,1.7320574162679425
IND345001AAA → IND342301AAA,1.7311827956989247
IND847212AAA → IND847226AAA,1.7307692307692308
IND572101AAA → IND561203AAB,1.729490022172949
IND505326AAB → IND505425AAA,1.7275541795665634
IND573116AAA → IND571432AAB,1.7272727272727273
IND132103AAA → IND132001AAA,1.7266233766233765
IND521225AAB → IND523002AAA,1.7256896071329062
IND600056AAB → IND562132AAA,1.725493963233361
IND842001AAA → IND854326AAB,1.7252747252747254
IND000000ACB → IND302022AAD,1.7249096748293857
IND422605AAA → IND413709AAA,1.724747474747475
IND413517AAA → IND431603AAA,1.7244897959183674
IND521185AAA → IND520011AAA,1.7241379310344827
IND403002AAA → IND403726AAB,1.7241379310344827
IND201301AAF → IND201304AAA,1.7222222222222223
IND148028AAA → IND147001AAD,1.7222222222222223
IND764071AAB → IND764073AAA,1.7222222222222223
IND144514AAA → IND141115AAA,1.7211538461538463
IND733140AAA → IND733102AAA,1.720909090909091
IND380006AAA → IND382430AAB,1.7207792207792207
IND560099AAB → IND560002AAA,1.7207792207792207
IND848114AAA → IND848210AAA,1.72
IND580028AAA → IND562132AAA,1.7193801833260585
IND000000AEL → IND000000ACB,1.7192118226600983
IND462022AAA → IND000000ACB,1.7184175531914894
IND508223AAA → IND500039AAC,1.7182539682539684
IND723130AAA → IND723101AAA,1.7182539682539684
IND600056AAB → IND530012AAA,1.717687074829932
IND732204AAB → IND732123AAC,1.717204301075269
IND306401AAB → IND343001AAA,1.717142857142857
IND396321AAA → IND396580AAB,1.7165178571428572
IND362220AAA → IND362265AAA,1.7148148148148148
IND211002AAB → IND209304AAA,1.714607170099161
IND000000ACB → IND110043AAA,1.7142857142857142
IND630561AAA → IND623407AAA,1.7142857142857142
IND758035AAA → IND758001AAA,1.7142857142857142
IND301001AAB → IND321001AAB,1.7142857142857142
IND335501AAA → IND331701AAA,1.7142857142857142
IND515004AAA → IND515401AAB,1.7142857142857142
IND424006AAA → IND425405AAA,1.7142857142857142
IND641062AAD → IND641607AAA,1.712820512820513
IND333504AAA → IND332713AAA,1.7126829268292685
IND575004AAB → IND562132AAA,1.7121050130672368
IND282001AAC → IND000000ACB,1.7117940199335546
IND623315AAB → IND614620AAA,1.7113095238095237
IND000000AAS → IND783370AAC,1.7112794612794613
IND465001AAA → IND462022AAA,1.7111111111111112
IND136027AAA → IND132039AAA,1.7100840336134453
IND396445AAA → IND396321AAA,1.7083333333333333
IND816109AAA → IND826004AAA,1.7076271186440677
IND535501AAB → IND532001AAB,1.7066683316683315
IND625532AAA → IND685514AAA,1.7060160427807487
IND533262AAA → IND533106AAA,1.7059025394646534
IND424006AAA → IND424101AAA,1.7058823529411764
IND516360AAB → IND516001AAA,1.7049689440993787
IND305001AAC → IND342602AAC,1.7048611111111112
IND852118A1B → IND854326AAB,1.7045454545454546
IND515004AAA → IND501359AAE,1.704225352112676
IND387001AAA → IND388220AAA,1.7041666666666666
IND181152AAB → IND160002AAC,1.703448275862069
IND202001AAB → IND282002AAD,1.7033816425120771
IND574216AAA → IND562132AAA,1.7030303030303031
IND421302AAG → IND562132AAA,1.7018633540372672
IND160002AAC → IND110037AAM,1.701063829787234
IND121004AAB → IND121001AAA,1.7
IND586211AAA → IND586128AAA,1.7
IND670643AAA → IND673632AAA,1.7
IND000000ACA → IND140406AAA,1.699248120300752
IND263153AAB → IND263139AAA,1.6964285714285714
IND302014AAB → IND303603AAB,1.6944444444444444
IND421302AAG → IND422011AAD,1.6933333333333334
IND363330AAB → IND363310AAB,1.6926765475152572
IND388320AAA → IND387001AAA,1.6923076923076923
IND530012AAA → IND532001AAB,1.6911335578002245
IND637408AAA → IND637001AAA,1.6909814323607426
IND752030AAA → IND754022AAA,1.690909090909091
IND209304AAA → IND211002AAB,1.690909090909091
IND560099AAB → IND683511AAA,1.6888888888888889
IND712311AAA → IND821115AAB,1.6878048780487804
IND756045AAB → IND756019AAA,1.6875
IND486771AAA → IND486661AAA,1.6875
IND000000ACA → IND147301AAA,1.6851851851851851
IND562132AAA → IND000000ACS,1.6851851851851851
IND509358AAA → IND509324AAA,1.6851851851851851
IND344022AAB → IND342301AAA,1.684782608695652
IND411033AAA → IND562132AAA,1.6844058197441656
IND000000ACB → IND562132AAA,1.6844001999514844
IND605601AAA → IND600056AAB,1.6843396226415095
IND425201AAA → IND425508AAB,1.6842105263157894
IND842003AAB → IND484661AAE,1.6842105263157894
IND600044AAD → IND600056AAB,1.6842105263157894
IND364004AAB → IND365560AAA,1.6842105263157894
IND712612AAA → IND722154AAA,1.6842105263157894
IND000000ACA → IND142401AAA,1.6842105263157894
IND562132AAA → IND560058AAD,1.6842105263157894
IND423601AAA → IND423701AAB,1.6833333333333333
IND142001AAB → IND152026AAA,1.6830357142857144
IND306401AAB → IND342005AAD,1.6825307950727884
IND562132AAA → IND421302AAG,1.6819925375736653
IND509124AAA → IND509103AAC,1.6818181818181819
IND125001AAA → IND335513AAA,1.6818181818181819
IND610001AAA → IND614715AAA,1.6818181818181819
IND600016AAC → IND600119AAA,1.681159420289855
IND573201AAB → IND573134AAB,1.6808149405772497
IND573116AAA → IND573142AAA,1.6801801801801801
IND532201AAA → IND532222AAA,1.68
IND573201AAB → IND573116AAA,1.6787749287749287
IND600056AAB → IND600044AAE,1.6785714285714286
IND363621AAB → IND360002AAB,1.6777777777777778
IND141003AAB → IND142026AAA,1.6774193548387097
IND533106AAA → IND533201AAA,1.6774193548387097
IND245304AAA → IND245101AAA,1.6770833333333335
IND206001AAA → IND000000ACB,1.676923076923077
IND334803AAA → IND341001AAC,1.6764705882352942
IND508248AAB → IND508377AAB,1.6764705882352942
IND382430AAB → IND364004AAB,1.6753246753246753
IND591201AAA → IND586101AAB,1.6746031746031746
IND160002AAC → IND562132AAA,1.673992673992674
IND000000ACB → IND110030AAD,1.6734693877551021
IND251001AAA → IND247554AAA,1.6733333333333333
IND575014AAA → IND403726AAA,1.6725663716814159
IND123001AAA → IND123401AAB,1.6714285714285715
IND390020AAA → IND391110AAD,1.6706766917293234
IND673573AAA → IND673592AAA,1.670508474576271
IND480661AAA → IND480001AAA,1.6703296703296702
IND184104AAA → IND160002AAC,1.6697247706422018
IND131028AAB → IND247667AAA,1.6695275821596245
IND842003AAB → IND480661AAA,1.6690775681341719
IND501359AAE → IND562132AAA,1.66840755235879
IND110037AAM → IND202001AAB,1.6680790960451977
IND140301AAA → IND140001AAA,1.6666666666666667
IND000000ADV → IND600044AAC,1.6666666666666667
IND603203AAA → IND600048AAA,1.6666666666666667
IND591123AAC → IND587103AAB,1.6666666666666667
IND382430AAB → IND389001AAA,1.6666666666666667
IND515865AAB → IND515761AAA,1.6666666666666667
IND712311AAA → IND712310AAE,1.6666666666666667
IND560300AAA → IND562132AAA,1.6666666666666667
IND580028AAA → IND591123AAC,1.6666666666666667
IND533106AAA → IND530012AAA,1.6659671532846716
IND785612AAB → IND785621AAA,1.6654040404040404
IND680307AAA → IND680712AAA,1.6643356643356644
IND605010AAB → IND600056AAB,1.6643356643356644
IND110030AAD → IND000000ACB,1.6631205673758864
IND303106AAA → IND303002AAA,1.6626984126984126
IND689650AAA → IND690548AAA,1.6622807017543861
IND608301AAA → IND639104AAB,1.6620298604878845
IND574117AAA → IND576101AAA,1.6614906832298137
IND732103AAB → IND733128AAA,1.660919540229885
IND757037AAA → IND758001AAA,1.6604761904761904
IND341303AAA → IND341306AAA,1.6602564102564101
IND131028AAE → IND124507AAA,1.6597701149425288
IND521225AAB → IND501359AAE,1.659377387318564
IND403726AAA → IND581303AAA,1.6585365853658536
IND712311AAA → IND713145AAB,1.6581081081081082
IND523002AAA → IND523226AAA,1.6578947368421053
IND781018AAB → IND781354AAA,1.6574074074074074
IND403726AAA → IND403702AAA,1.6569444444444446
IND562132AAA → IND501359AAE,1.656862745098039
IND742101AAC → IND713130AAA,1.6551724137931034
IND305901AAA → IND342602AAC,1.653718091009989
IND842003AAB → IND487001AAA,1.6533333333333333
IND415409AAB → IND415124AAA,1.6515151515151516
IND515134AAA → IND515201AAA,1.650997150997151
IND673632AAA → IND683511AAA,1.6505028735632183
IND518124AAA → IND518206AAA,1.65
IND322201AAA → IND303503AAA,1.6490147783251232
IND334001AAC → IND341001AAC,1.6488095238095237
IND686507AAA → IND686540AAA,1.6483516483516483
IND110052AAA → IND000000ACB,1.6481481481481481
IND131028AAB → IND160002AAC,1.6479568926807364
IND621211AAA → IND621010AAA,1.6477272727272727
IND732103AAB → IND732123AAC,1.6470588235294117
IND384205AAA → IND384355AAB,1.6470588235294117
IND122001AAA → IND000000ACB,1.6470588235294117
IND562132AAA → IND580028AAA,1.6464669606888518
IND571105AAA → IND571213AAA,1.6442687747035574
IND494334AAB → IND493445AAB,1.6435643564356435
IND201204AAA → IND250002AAA,1.6428571428571428
IND384205AAA → IND385001AAA,1.6428571428571428
IND147301AAA → IND000000ACA,1.6416666666666666
IND000000ABD → IND562132AAA,1.6409012020312401
IND585314AAA → IND586211AAA,1.64
IND518002AAA → IND584101AAA,1.64
IND131028AAB → IND248001AAD,1.6395348837209303
IND571104AAA → IND573142AAA,1.6394230769230769
IND341001AAC → IND341303AAA,1.6388888888888888
IND636705AAB → IND562132AAA,1.638095238095238
IND125050AAA → IND125051AAA,1.6363636363636365
IND571111AAB → IND571313AAB,1.6363636363636365
IND562132AAA → IND560078AAC,1.6363636363636365
IND600056AAB → IND600110AAA,1.6363636363636365
IND184121AAA → IND160002AAC,1.6363636363636365
IND244901AAC → IND244921AAB,1.6363636363636365
IND673104AAA → IND673506AAA,1.6363636363636365
IND506001AAC → IND505122AAA,1.6355042016806722
IND395023AAA → IND382430AAB,1.6352201257861636
IND627756AAA → IND626117AAA,1.6348484848484848
IND334001AAC → IND334803AAA,1.634640522875817
IND843109AAB → IND843126AAA,1.6345238095238095
IND302022AAD → IND000000ACB,1.6326530612244898
IND416012AAA → IND415409AAB,1.6316287878787878
IND148028AAA → IND147001AAB,1.631578947368421
IND335001AAA → IND125104AAA,1.6314655172413794
IND524003AAA → IND501359AAE,1.6310679611650485
IND131028AAB → IND244001AAA,1.630532706619663
IND231225AAB → IND486886AAA,1.6296296296296295
IND560099AAB → IND000000ACS,1.6294642857142856
IND631102AAA → IND600056AAB,1.6284461152882206
IND532222AAA → IND532001AAB,1.6282894736842106
IND000000ACB → IND110092AAC,1.627906976744186
IND487001AAB → IND487551AAA,1.627659574468085
IND562132AAA → IND572101AAA,1.6264367816091956
IND411033AAA → IND000000ACB,1.6259825254974918
IND506002AAA → IND506343AAA,1.6258169934640523
IND600056AAB → IND632006AAA,1.62531328320802
IND302014AAA → IND000000ACB,1.625
IND721134AAB → IND721139AAC,1.625
IND402109AAA → IND402301AAA,1.625
IND221303AAA → IND231001AAA,1.625
IND854335AAA → IND852111AAA,1.625
IND518002AAA → IND518401AAA,1.6246334310850439
IND361001AAA → IND361305AAC,1.6246130030959751
IND518102AAA → IND518002AAA,1.6229508196721312
IND000000ACB → IND000000AEL,1.6229096989966556
IND562132AAA → IND416012AAA,1.6226415094339623
IND395023AAA → IND390022AAA,1.6226415094339623
IND600056AAB → IND560099AAB,1.6216374269005849
IND562132AAA → IND560300AAA,1.6216216216216217
IND441904AAB → IND441912AAA,1.6214285714285714
IND110043AAC → IND000000ACB,1.6206896551724137
IND282001AAA → IND000000ACB,1.6201923076923077
IND000000ACA → IND143001AAA,1.619718309859155
IND679329AAA → IND673639AAA,1.619047619047619
IND110035AAC → IND110037AAM,1.619047619047619
IND639001AAA → IND624001AAA,1.6181818181818182
IND122004AAA → IND000000ACB,1.6176470588235294
IND581115AAC → IND581110AAE,1.6172161172161172
IND515591AAA → IND516269AAA,1.6162029459901799
IND577002AAA → IND580028AAA,1.6158318425760285
IND628613AAA → IND627005AAA,1.6153846153846154
IND509216AAC → IND501359AAE,1.6153846153846154
IND560099AAB → IND560043AAC,1.6153846153846154
IND811213AAA → IND813213AAA,1.6139162561576355
IND370001AAA → IND370615AAB,1.613871635610766
IND606105AAA → IND606201AAC,1.6132478632478633
IND722101AAB → IND713205AAB,1.6129032258064515
IND627117AAA → IND629001AAA,1.6125
IND643217AAA → IND643001AAA,1.6116071428571428
IND389001AAA → IND389151AAA,1.6111111111111112
IND507111AAA → IND507117AAB,1.6107994389901823
IND501359AAE → IND500050AAA,1.610344827586207
IND244301AAA → IND244412AAA,1.6100230414746544
IND501141AAA → IND501101AAB,1.6098484848484849
IND131028AAB → IND124001AAB,1.6095238095238096
IND361305AAC → IND361335AAA,1.6091101694915255
IND342005AAD → IND342902A1B,1.6090909090909091
IND370201AAA → IND363310AAB,1.608695652173913
IND736146AAA → IND736135AAA,1.6086226203807392
IND560060AAB → IND562132AAA,1.6071428571428572
IND700026AAC → IND700065AAA,1.6052631578947367
IND344001AAA → IND342301AAA,1.6042568542568543
IND110092AAC → IND000000ACB,1.6
IND212501AAA → IND212402AAA,1.6
IND390022AAA → IND382430AAB,1.6
IND636352AAA → IND636705AAB,1.6
IND151001AAA → IND160002AAC,1.6
IND000000ACB → IND121002AAB,1.6
IND221010AAB → IND232101AAB,1.6
IND852111AAA → IND852118AAA,1.5999999999999999
IND600056AAB → IND501359AAE,1.5994897959183674
IND530012AAA → IND751002AAB,1.596638655462185
IND493118AAC → IND495334AAB,1.5962962962962963
IND574221AAA → IND562132AAA,1.5961538461538463
IND414502AAA → IND431107AAB,1.5961538461538463
IND160002AAC → IND151001AAA,1.5928571428571427
IND581119AAB → IND577002AAA,1.5923611111111111
IND581400AAB → IND581325AAA,1.5884180790960452
IND523002AAA → IND523230AAA,1.588235294117647
IND680307AAA → IND683511AAA,1.588235294117647
IND573103AAA → IND572201AAB,1.588235294117647
IND680712AAA → IND683511AAA,1.587878787878788
IND110037AAM → IND000000ACB,1.586993970714901
IND562132AAA → IND583101AAA,1.586372679045093
IND423601AAA → IND413709AAA,1.586007702182285
IND312001AAA → IND311001AAA,1.5853658536585367
IND532127AAA → IND535591AAA,1.5833806012478728
IND131021AAA → IND131028AAA,1.5833333333333333
IND383255AAB → IND384205AAA,1.5833333333333333
IND201007AAA → IND201001AAA,1.5833333333333333
IND732138AAA → IND733102AAA,1.582258064516129
IND312403AAA → IND312001AAA,1.5813953488372092
IND000000ACB → IND121004AAB,1.5806451612903225
IND802212AAA → IND821115AAB,1.5804195804195804
IND203135AAA → IND203396AAB,1.5787037037037037
IND560058AAB → IND562132AAA,1.577777777777778
IND632006AAA → IND562132AAA,1.5774147727272727
IND562132AAA → IND577002AAA,1.5769230769230769
IND000000ACA → IND144001AAB,1.5769230769230769
IND505001AAB → IND505172AAA,1.5763888888888888
IND361315AAA → IND361335AAA,1.576036866359447
IND140401AAA → IND142401AAA,1.5757575757575757
IND122004AAA → IND122413AAE,1.5757575757575757
IND332001AAB → IND334001AAB,1.5757142857142856
IND201001AAC → IND000000ACB,1.574468085106383
IND332001AAB → IND334001AAC,1.5739130434782609
IND577535AAC → IND577522AAA,1.5732142857142857
IND362560AAA → IND362150AAA,1.5714285714285714
IND160002AAC → IND140301AAA,1.571256038647343
IND304001AAA → IND322001AAC,1.5686274509803921
IND577501AAA → IND577002AAA,1.5684754521963824
IND751015AAA → IND752050AAA,1.5681818181818183
IND591126AAA → IND591102AAA,1.5666666666666667
IND562132AAA → IND411033AAA,1.5659748403559668
IND524132AAA → IND524101AAB,1.565217391304348
IND625008AAA → IND685514AAA,1.565217391304348
IND626607AAB → IND625008AAA,1.5649213075060533
IND605601AAA → IND636102AAA,1.5645833333333332
IND272001AAA → IND272175AAA,1.5625
IND000000ACB → IND201007AAA,1.5625
IND385001AAA → IND385535AAA,1.5625
IND614616AAA → IND630002AAA,1.5606060606060606
IND284001AAA → IND284403AAA,1.5593220338983051
IND562132AAA → IND560043AAC,1.5593073593073594
IND363310AAB → IND382430AAB,1.5591185130658816
IND683511AAA → IND562132AAA,1.5591130717436732
IND362150AAA → IND362001AAA,1.5588235294117647
IND635802AAB → IND562132AAA,1.5588235294117647
IND341030AAA → IND341303AAA,1.558139534883721
IND523316AAB → IND522647AAA,1.5566239316239316
IND606003AAA → IND606105AAA,1.5555555555555556
IND125005AAA → IND335524AAA,1.5555555555555556
IND586128AAA → IND586211AAA,1.5555555555555556
IND110044AAB → IND201301AAF,1.5555555555555556
IND302014AAA → IND110037AAM,1.5544117647058824
IND303702AAB → IND332001AAB,1.5528601377657982
IND621802AAA → IND621212AAA,1.552325581395349
IND722202AAA → IND722101AAC,1.5517241379310345
IND695121AAA → IND695541AAA,1.5517241379310345
IND501359AAE → IND515004AAA,1.5507188284966062
IND627005AAA → IND627117AAA,1.55
IND144514AAA → IND000000ACA,1.5495689655172413
IND768028AAB → IND767001AAA,1.548955108359133
IND571213AAA → IND571114AAA,1.5486205336951606
IND521225AAB → IND521185AAA,1.5476190476190474
IND474003AAA → IND476001AAA,1.5472972972972974
IND802119AAA → IND802158AAB,1.5472906403940887
IND000000ACB → IND110085AAB,1.5454545454545454
IND535558AAA → IND535501AAB,1.5454545454545454
IND695609AAA → IND695012AAA,1.5454545454545454
IND000000ACB → IND201001AAC,1.5454545454545454
IND621212AAA → IND621704AAA,1.5454545454545454
IND530043AAA → IND531163AAA,1.5454545454545454
IND518002AAA → IND509124AAA,1.5454545454545454
IND181152AAB → IND184121AAA,1.54502688172043
IND562132AAA → IND560099AAB,1.5444664031620552
IND562132AAA → IND573201AAB,1.5441520467836258
IND516001AAA → IND516227AAA,1.5440729483282674
IND751002AAB → IND530012AAA,1.544038538739462
IND580028AAA → IND421302AAG,1.5423946668990458
IND411033AAA → IND501359AAE,1.540785498489426
IND333042AAA → IND333031AAA,1.54
IND384355AAB → IND385001AAA,1.5396349413298567
IND361305AAC → IND361315AAA,1.5393145161290323
IND160002AAC → IND140901AAA,1.5384615384615385
IND000000ACB → IND110037AAK,1.5384615384615385
IND581314AAA → IND581334AAA,1.5384615384615385
IND639104AAB → IND620012AAA,1.5378787878787878
IND635001AAA → IND562132AAA,1.5368508221933042
IND600056AAB → IND524003AAA,1.5364238410596027
IND515201AAA → IND515134AAA,1.535890073831009
IND322230AAA → IND322241AAA,1.5357142857142858
IND110037AAM → IND811399AAA,1.534313725490196
IND284403AAA → IND472001AAA,1.5341995841995844
IND465669AAB → IND465683AAA,1.534159159159159
IND562132AAA → IND577598AAC,1.5339366515837103
IND560043AAC → IND560064AAA,1.5313725490196077
IND581334AAA → IND581320AAA,1.530791788856305
IND560058AAD → IND562132AAA,1.5298245614035089
IND585222AAA → IND585307AAB,1.5283347863993026
IND474003AAA → IND000000ACB,1.528301886792453
IND756019AAA → IND756032AAA,1.5277777777777777
IND470117AAA → IND470227AAB,1.5276272207166515
IND691506AAA → IND691305AAA,1.5263157894736843
IND341001AAC → IND341030AAA,1.5261984392419174
IND411033AAA → IND410505AAB,1.5258620689655173
IND585104AAA → IND586128AAA,1.5254237288135593
IND303108AAB → IND303106AAA,1.524731182795699
IND501359AAE → IND523002AAA,1.5238095238095237
IND110044AAB → IND000000ACB,1.5238095238095237
IND733134AAA → IND733129AAB,1.5238095238095237
IND722143AAB → IND723133AAA,1.5238095238095237
IND591304AAA → IND586101AAA,1.5238095238095237
IND530012AAA → IND533106AAA,1.5231481481481481
IND423106AAA → IND423105AAA,1.5227743271221532
IND560043AAC → IND560099AAB,1.5227272727272727
IND249201AAA → IND246174AAA,1.5218962585034013
IND532440AAA → IND532001AAB,1.5217391304347827
IND328001AAA → IND000000ACB,1.5217357625333086
IND632402AAA → IND631102AAA,1.5208695652173914
IND000000ACT → IND000000ACB,1.5205254515599342
IND503187AAA → IND503122AAA,1.52
IND560300AAB → IND563101AAB,1.5199692780337941
IND515134AAA → IND515591AAA,1.519675925925926
IND756100AAC → IND757037AAA,1.5196078431372548
IND000000ACA → IND142001AAB,1.519091847265222
IND306902AAA → IND306116AAA,1.5185185185185186
IND403507AAA → IND403726AAB,1.5172413793103448
IND203135AAA → IND203390AAA,1.5168539325842696
IND521225AAB → IND521301AAA,1.5166666666666666
IND642001AAA → IND642126AAA,1.5161290322580645
IND132103AAB → IND132001AAA,1.5142857142857142
IND000000ACA → IND152026AAA,1.514018691588785
IND501359AAE → IND501141AAA,1.5139762403913348
IND177203AAA → IND177101AAA,1.5135135135135136
IND574239AAA → IND574221AAA,1.5128205128205128
IND388121AAA → IND388620AAB,1.5125
IND360575AAA → IND360510AAB,1.5121951219512195
IND521225AAB → IND507002AAA,1.5116279069767442
IND335513AAA → IND335804AAD,1.5113636363636362
IND624202AAA → IND625218AAA,1.5108695652173914
IND413002AAA → IND413501AAA,1.5106382978723405
IND560099AAB → IND560300AAA,1.509433962264151
IND312605AAB → IND458001AAB,1.5092592592592593
IND626138AAA → IND625008AAA,1.5086232530478738
IND425401AAA → IND425109AAA,1.5086206896551724
IND206122AAA → IND206001AAA,1.5075757575757576
IND403726AAA → IND411033AAA,1.5070422535211268
IND480886AAA → IND480001AAA,1.5052083333333335
IND501359AAE → IND509001AAA,1.5045454545454544
IND176201AAA → IND176303AAA,1.5035135135135134
IND184104AAA → IND181152AAA,1.503420523138833
IND581303AAA → IND581325AAA,1.5030141843971632
IND413002AAA → IND501359AAE,1.5009293680297398
IND262501AAA → IND263153AAB,1.5000216422109682
IND852111AAA → IND854335AAA,1.5
IND273155AAA → IND273303AAA,1.5
IND560099AAB → IND560058AAB,1.5
IND691574AAA → IND695614AAA,1.5
IND505001AAB → IND505184AAC,1.5
IND209304AAA → IND206122AAA,1.5
IND144001AAB → IND144401AAB,1.5
IND411021AAA → IND411033AAA,1.5
IND679531AAA → IND680587AAA,1.5
IND563101AAB → IND563131AAA,1.5
IND591237AAB → IND591201AAA,1.5
IND614602AAA → IND614804AAA,1.5
IND516269AAA → IND516390AAA,1.5
IND786001AAB → IND786602AAA,1.5
IND641006AAD → IND641062AAD,1.5
IND131028AAB → IND244235AAA,1.4965252525252524
IND695012AAA → IND691001AAB,1.496031746031746
IND521225AAB → IND521201AAA,1.4952830188679245
IND134203AAA → IND140501AAA,1.4935897435897436
IND332001AAB → IND333028AAA,1.4932330827067668
IND501359AAE → IND585104AAA,1.4928571428571429
IND328001AAA → IND474003AAA,1.4915254237288136
IND560099AAB → IND562132AAA,1.4905525846702319
IND144001AAB → IND143001AAA,1.4903810580836108
IND576101AAA → IND576201AAA,1.4889643463497455
IND843126AAA → IND843109AAB,1.488695652173913
IND792001AAA → IND792110AAA,1.4883720930232558
IND683511AAA → IND680104AAA,1.4882928905917412
IND535501AAB → IND532440AAA,1.4880952380952381
IND561203AAB → IND562101AAA,1.486842105263158
IND560300AAA → IND563101AAB,1.4868334430546413
IND581402AAA → IND577401AAA,1.4864864864864864
IND413304AAA → IND415301AAB,1.485837922895358
IND560048AAB → IND560099AAB,1.4857142857142858
IND505467AAA → IND505122AAA,1.4854215918045703
IND854326AAB → IND854311AAA,1.4852941176470589
IND571430AAA → IND571124AAA,1.4848484848484849
IND503122AAA → IND502110AAA,1.4821200510855683
IND131028AAB → IND000000ACB,1.4819264069264069
IND515671AAA → IND515134AAA,1.4814814814814814
IND627811AAA → IND627401AAA,1.4810659186535764
IND533308AAB → IND533003AAA,1.4805194805194806
IND768028AAA → IND767001AAA,1.4799616490891658
IND560300AAA → IND560085AAA,1.4797297297297298
IND641062AAD → IND642001AAA,1.4797297297297298
IND770001AAA → IND770017AAB,1.4777667984189722
IND560078AAC → IND562132AAA,1.4761904761904763
IND201007AAB → IND110044AAB,1.4761904761904763
IND523002AAA → IND523105AAA,1.4761904761904763
IND262001AAA → IND262122AAB,1.475609756097561
IND247554AAA → IND248001AAD,1.4755808440018967
IND160002AAC → IND176041AAA,1.4733386496544392
IND574202AAA → IND574239AAA,1.4727047146401984
IND509124AAA → IND584101AAA,1.472142857142857
IND680104AAA → IND679576AAA,1.4705882352941178
IND600056AAB → IND600044AAD,1.4705882352941178
IND487001AAA → IND487551AAA,1.47
IND507123AAA → IND506314AAA,1.469794010732214
IND509203AAA → IND509301AAA,1.468864468864469
IND176061AAA → IND160002AAC,1.4683875530410184
IND382430AAB → IND370201AAA,1.4680851063829787
IND415709AAA → IND416122AAA,1.4666666666666666
IND110095AAB → IND000000ACB,1.4666666666666666
IND303008AAB → IND303338AAB,1.4666666666666666
IND110044AAB → IND110030AAD,1.4666666666666666
IND262001AAA → IND244901AAB,1.4666666666666666
IND591304AAA → IND586101AAB,1.4664011946241913
IND305624AAA → IND305404AAA,1.4660714285714285
IND403726AAB → IND403601AAA,1.4642857142857144
IND480001AAA → IND480661AAA,1.4638655462184875
IND421802AAA → IND411033AAA,1.4629629629629628
IND505001AAB → IND504208AAB,1.4628415300546447
IND532222AAA → IND761200AAA,1.4622881355932202
IND147001AAD → IND147201AAA,1.4615384615384617
IND160102AAD → IND160002AAD,1.4611111111111112
IND683511AAA → IND680012AAA,1.4594594594594594
IND131028AAB → IND248001AAA,1.4589539887454483
IND518206AAA → IND518002AAA,1.457142857142857
IND471001AAA → IND472001AAA,1.4557571269900036
IND000000ACB → IND110064AAA,1.4555335968379448
IND580028AAA → IND581402AAA,1.4549430599108764
IND000000ADM → IND683511AAA,1.4545454545454546
IND503185AAA → IND503187AAA,1.4545454545454546
IND506001AAC → IND505467AAA,1.4545454545454546
IND414001AAA → IND414302AAB,1.4533248081841432
IND403702AAA → IND581314AAA,1.4516129032258065
IND508116AAA → IND508223AAA,1.4516129032258065
IND826004AAA → IND814112AAA,1.4510567296996664
IND585211AAA → IND585222AAA,1.45
IND621010AAA → IND621212AAA,1.4491666666666667
IND689645AAA → IND691551AAA,1.4491666666666667
IND302014AAA → IND301001AAB,1.449000370233247
IND680012AAA → IND679303AAA,1.4482758620689655
IND673506AAA → IND670643AAA,1.4479166666666665
IND110043AAA → IND110078AAA,1.4472222222222222
IND384205AAA → IND382715AAA,1.4471153846153846
IND332001AAB → IND333042AAA,1.4460847240051349
IND522647AAA → IND523201AAA,1.4458064516129032
IND344001AAA → IND345021AAA,1.4444444444444444
IND160002AAC → IND140603AAA,1.4444444444444444
IND515801AAA → IND515865AAB,1.4444444444444444
IND584123AAA → IND584128AAA,1.4444444444444444
IND560099AAB → IND560048AAB,1.4435483870967742
IND110037AAM → IND250002AAC,1.4419642857142856
IND671323AAD → IND000000ACO,1.4419642857142856
IND518002AAA → IND562132AAA,1.4417177914110428
IND563101AAB → IND563125AAB,1.4415584415584415
IND160102AAC → IND160002AAC,1.4408045977011494
IND685514AAA → IND625008AAA,1.4404761904761905
IND491001AAA → IND494334AAB,1.439252336448598
IND562132AAA → IND518002AAA,1.4389429070057342
IND505209AAA → IND504201AAA,1.438423645320197
IND395010AAB → IND395023AAA,1.4375
IND628801AAA → IND628204AAA,1.4375
IND142026AAA → IND141109AAA,1.436904761904762
IND263153AAB → IND244715AAA,1.435897435897436
IND201001AAC → IND110037AAM,1.4356060606060606
IND484001AAA → IND484446AAA,1.435441370223979
IND303702AAB → IND332404AAA,1.4352941176470588
IND573201AAB → IND572201AAB,1.434782608695652
IND263601AAA → IND263153AAB,1.4342105263157894
IND141115AAA → IND000000ACA,1.4333333333333333
IND207001AAA → IND207302AAA,1.4333333333333333
IND202001AAB → IND207123AAA,1.4321946169772257
IND504296AAA → IND504208AAB,1.4318181818181819
IND624001AAA → IND624619AAA,1.4316770186335404
IND503111AAC → IND505001AAB,1.429897567221511
IND246725AAB → IND246701AAA,1.4285714285714286
IND282002AAD → IND474003AAA,1.4285714285714286
IND465683AAA → IND465001AAA,1.4285714285714286
IND277303AAC → IND277211AAA,1.4283333333333332
IND160003AAA → IND160002AAC,1.4268115942028985
IND585307AAB → IND585222AAA,1.42674253200569
IND152026AAA → IND152116AAA,1.4252657911194495
IND342005AAD → IND344022AAB,1.424924924924925
IND507002AAA → IND507117AAB,1.4242424242424243
IND184104AAA → IND181152AAB,1.4240816326530612
IND140118AAA → IND160002AAC,1.42
IND321606AAA → IND321001AAA,1.41890440386681
IND641664AAA → IND638657AAA,1.418859649122807
IND501359AAE → IND509358AAA,1.417420814479638
IND581320AAA → IND581334AAA,1.4173684210526316
IND689101AAA → IND690548AAA,1.4166666666666667
IND584101AAA → IND509124AAA,1.41663807890223
IND505001AAB → IND503111AAC,1.4152777777777779
IND756100AAC → IND756045AAB,1.4147286821705427
IND560083AAB → IND562132AAA,1.4142156862745099
IND560300AAB → IND563125AAB,1.4134295227524971
IND411033AAA → IND413002AAA,1.413322671319182
IND842003AAB → IND487001AAB,1.4118683901292597
IND603001AAA → IND603301AAA,1.411764705882353
IND505325AAA → IND505327AAA,1.411764705882353
IND246444AAB → IND246424AAA,1.4090909090909092
IND600056AAB → IND605010AAB,1.4087396749267254
IND480001AAA → IND481661AAA,1.4087235228539576
IND332713AAA → IND332709AAA,1.4076246334310851
IND560083AAB → IND560058AAD,1.4074074074074074
IND423109AAA → IND413709AAA,1.4074074074074074
IND184104AAA → IND184121AAA,1.4065476190476192
IND590016AAA → IND591302AAB,1.4061059907834101
IND423105AAA → IND423301AAB,1.4059561128526645
IND396321AAA → IND396001AAA,1.4058823529411764
IND140401AAA → IND147301AAA,1.4057971014492754
IND147101AAA → IND147105AAA,1.403985507246377
IND508277AAB → IND508223AAA,1.4038461538461537
IND518124AAA → IND518002AAA,1.4035087719298245
IND501359AAE → IND503111AAC,1.403241412675375
IND635001AAA → IND636705AAB,1.402972027972028
IND518002AAA → IND518501AAA,1.4022198731501057
IND577522AAA → IND562132AAA,1.402127659574468
IND000000ACB → IND201301AAF,1.4010741510741511
IND465001AAA → IND465333AAA,1.3955665024630541
IND523230AAA → IND523105AAA,1.3953488372093024
IND581402AAA → IND577201AAA,1.394894894894895
IND000000ACB → IND122001AAA,1.3944444444444444
IND585104AAA → IND585307AAB,1.3943452380952381
IND302014AAB → IND303303AAA,1.3928571428571428
IND144601AAA → IND144040AAA,1.3924682395644283
IND148023AAA → IND148001AAA,1.3908045977011494
IND638657AAA → IND638701AAA,1.3888888888888888
IND505001AAB → IND505302AAB,1.3888888888888888
IND683511AAA → IND000000ADM,1.3875
IND641001AAA → IND641062AAD,1.3875
IND136118AAA → IND136128AAA,1.3869047619047619
IND242307AAB → IND242221AAA,1.386178861788618
IND814101AAB → IND816107AAA,1.3846153846153846
IND630561AAA → IND623701AAA,1.3846153846153846
IND585222AAA → IND585211AAA,1.3846153846153846
IND622407AAA → IND622001AAA,1.3846153846153846
IND641654AAA → IND641664AAA,1.3846153846153846
IND584101AAA → IND584123AAA,1.3818849449204407
IND480886AAA → IND480661AAA,1.3816526610644257
IND327001AAB → IND312605AAB,1.381578947368421
IND676306AAA → IND676509AAA,1.380952380952381
IND151001AAA → IND151103AAA,1.380952380952381
IND413501AAA → IND413401AAA,1.380952380952381
IND362001AAA → IND360575AAA,1.3803496081977094
IND244715AAA → IND263401AAA,1.380327868852459
IND591201AAA → IND591304AAA,1.38
IND624001AAA → IND625008AAA,1.38
IND562132AAA → IND560060AAB,1.3793103448275863
IND403726AAB → IND403002AAA,1.3791666666666667
IND360311AAA → IND360050AAA,1.3777777777777778
IND573103AAA → IND577116AAA,1.3774928774928776
IND625532AAA → IND625531AAA,1.3774703557312251
IND344022AAB → IND344001AAA,1.3764705882352941
IND244901AAB → IND246725AAB,1.37627197039778
IND562132AAA → IND560083AAB,1.375
IND160002AAC → IND174103AAA,1.3725490196078431
IND147105AAA → IND147101AAA,1.3706293706293706
IND184121AAA → IND181152AAB,1.3696236559139785
IND505327AAA → IND505425AAA,1.368421052631579
IND332404AAA → IND332001AAB,1.368421052631579
IND160002AAC → IND174307AAA,1.36810806218673
IND642001AAA → IND641062AAD,1.3675324675324676
IND152024AAA → IND152123AAA,1.3666666666666667
IND630002AAA → IND622407AAA,1.366600790513834
IND305404AAA → IND305601AAC,1.365925925925926
IND480334AAA → IND480106AAA,1.363756613756614
IND689101AAA → IND689650AAA,1.3636363636363635
IND627005AAA → IND628801AAA,1.3636363636363635
IND474003AAA → IND473551AAA,1.3584905660377358
IND335524AAA → IND335523AAB,1.357076780758557
IND854334AAA → IND854335AAA,1.3563218390804597
IND732123AAC → IND732139AAA,1.3550420168067228
IND363641AAA → IND360002AAB,1.3529411764705883
IND518222AAA → IND518002AAA,1.3513513513513513
IND201301AAF → IND201301AAL,1.3511904761904763
IND683572AAA → IND680307AAA,1.3484848484848484
IND307001AAA → IND306902AAA,1.3482905982905984
IND203131AAA → IND203135AAA,1.3480769230769232
IND606803AAA → IND606801AAB,1.3478260869565217
IND735224AAA → IND736146AAA,1.3475177304964538
IND263139AAA → IND263153AAB,1.3472222222222223
IND458001AAB → IND458990AAA,1.3452380952380953
IND757041AAA → IND756019AAA,1.3448275862068966
IND691001AAB → IND695012AAA,1.34375
IND244901AAB → IND244221AAA,1.3435314685314685
IND321001AAB → IND321001AAA,1.3426724137931034
IND110064AAA → IND000000ACB,1.3414634146341464
IND184121AAA → IND181152AAA,1.3413461538461537
IND562132AAA → IND515004AAA,1.339804994868286
IND176303AAA → IND176310AAA,1.335704291044776
IND209625AAA → IND241124AAB,1.3333333333333333
IND282002AAD → IND281004AAA,1.3333333333333333
IND110077AAA → IND110043AAA,1.3333333333333333
IND303301AAB → IND303303AAA,1.3333333333333333
IND000000ACT → IND131028AAB,1.3333333333333333
IND854334AAA → IND852118AAA,1.3333333333333333
IND571432AAB → IND571426AAA,1.3333333333333333
IND209721AAB → IND209625AAA,1.3333333333333333
IND000000ACB → IND110052AAA,1.3333333333333333
IND531116AAA → IND531001AAA,1.3333333333333333
IND470113AAA → IND470227AAB,1.3333333333333333
IND509001AAA → IND509203AAA,1.3333333333333333
IND723131AAA → IND722140AAA,1.333165322580645
IND345001AAA → IND345021AAA,1.3305958747135218
IND504293AAA → IND504208AAB,1.3295454545454546
IND415003AAA → IND411033AAA,1.3292857142857142
IND560099AAB → IND515004AAA,1.3285714285714285
IND632006AAA → IND635802AAB,1.3255813953488371
IND464001AAA → IND464221AAA,1.3254643962848296
IND425109AAA → IND424201AAA,1.3250000000000002
IND641062AAD → IND642126AAA,1.324653312788906
IND686028AAB → IND689101AAA,1.3245614035087718
IND636705AAB → IND635001AAA,1.3232739904472428
IND733202AAB → IND733210AAA,1.3225806451612903
IND842001AAA → IND843329AAB,1.3225806451612903
IND473226AAA → IND473001AAA,1.3205128205128205
IND246001AAA → IND249201AAA,1.3198924731182795
IND756019AAA → IND756029AAA,1.3157894736842106
IND683511AAA → IND68004AAA,1.3138461538461539
IND480661AAA → IND481661AAA,1.3111111111111111
IND636102AAA → IND605601AAA,1.3103448275862069
IND302014AAB → IND303301AAB,1.3095238095238095
IND285001AAD → IND285205AAB,1.3077651515151514
IND638501AAB → IND641062AAD,1.305084745762712
IND732139AAA → IND732123AAC,1.304953560371517
IND560099AAB → IND560060AAB,1.303030303030303
IND691001AAB → IND683511AAA,1.303030303030303
IND122001AAA → IND122101AAC,1.3028846153846154
IND181152AAA → IND184121AAA,1.3024193548387095
IND147001AAB → IND147201AAA,1.301994301994302
IND203396AAB → IND203390AAA,1.3009049773755657
IND560058AAB → IND560060AAB,1.3009049773755657
IND642126AAA → IND642001AAA,1.3
IND561207AAB → IND562108AAA,1.3
IND335803AAA → IND335804AAD,1.3
IND695572AAB → IND695541AAA,1.297979797979798
IND383315AAC → IND384205AAA,1.296875
IND637211AAA → IND636402AAA,1.2958333333333334
IND243301AAB → IND244901AAB,1.2941176470588236
IND505001AAA → IND505302AAB,1.2941176470588236
IND581303AAA → IND581400AAB,1.2932372505543237
IND151506AAA → IND151001AAA,1.2923850574712645
IND272155AAA → IND272001AAA,1.2916666666666667
IND600056AAB → IND605601AAA,1.2899159663865547
IND695614AAA → IND695609AAA,1.2894736842105263
IND333001AAA → IND333028AAA,1.2891891891891891
IND474003AAA → IND328001AAA,1.2884615384615385
IND756019AAA → IND757041AAA,1.2869791666666668
IND854334AAA → IND852118A1B,1.2857142857142858
IND335513AAA → IND335803AAA,1.2857142857142858
IND209304AAA → IND209206AAB,1.2857142857142858
IND465333A1B → IND462022AAA,1.2855969331872945
IND345021AAA → IND342301AAA,1.284313725490196
IND784101AAA → IND790114AAA,1.28125
IND140901AAA → IND160002AAC,1.2778327560613558
IND560058AAB → IND560099AAB,1.2777777777777777
IND424006AAA → IND423106AAA,1.2758620689655173
IND571313AAB → IND571440AAA,1.2734767025089606
IND110044AAB → IND131028AAB,1.2732780612244898
IND691001AAB → IND691506AAA,1.2727272727272727
IND361335AAA → IND360002AAB,1.2727272727272727
IND560060AAB → IND560099AAB,1.2727272727272727
IND382421AAA → IND382721AAA,1.2727272727272727
IND636016AAA → IND636402AAA,1.272461814914645
IND623704AAA → IND626607AAB,1.271780303030303
IND385340AAB → IND384205AAA,1.2717627401837928
IND712410AAC → IND712406AAA,1.267650834403081
IND502110AAA → IND502313AAA,1.266798418972332
IND673305AAA → IND673104AAA,1.266798418972332
IND152116AAA → IND152107AAA,1.2666666666666666
IND484001AAA → IND484224AAA,1.2666666666666666
IND332001AAB → IND333001AAA,1.2666666666666666
IND243301AAB → IND244901AAC,1.2666666666666666
IND177101AAA → IND176001AAB,1.2657250470809793
IND415003AAA → IND412803AAB,1.2645348837209303
IND506343AAA → IND506169AAB,1.2642276422764227
IND147301AAA → IND140401AAA,1.2619047619047619
IND815353AAA → IND814112AAA,1.2564102564102564
IND781005AAA → IND781018AAB,1.2547092547092547
IND614804AAA → IND614616AAA,1.2546296296296298
IND147001AAD → IND148023AAA,1.253968253968254
IND625531AAA → IND625516AAA,1.253384912959381
IND508206AAA → IND507159AAA,1.25
IND403726AAB → IND403507AAA,1.25
IND384205AAA → IND384170AAA,1.25
IND382430AAB → IND384205AAA,1.25
IND571438AAB → IND571401AAA,1.25
IND614715AAA → IND614809AAA,1.25
IND495334AAB → IND491995AAB,1.25
IND000000ACA → IND144514AAA,1.2487179487179487
IND673632AAA → IND673104AAA,1.2486772486772488
IND263153AAB → IND263002AAA,1.2475247524752475
IND624001AAA → IND624703AAA,1.2428571428571429
IND423105AAA → IND423106AAA,1.241687979539642
IND560099AAB → IND560058AAD,1.241025641025641
IND626117AAA → IND626138AAA,1.24
IND134109AAA → IND160002AAC,1.2379310344827585
IND624619AAA → IND624601AAA,1.2307692307692308
IND384170AAA → IND384265AAB,1.2272727272727273
IND690548AAA → IND688009AAA,1.2272727272727273
IND723133AAA → IND723130AAA,1.2242424242424241
IND312001AAA → IND312601AAA,1.223474801061008
IND360510AAB → IND360530AAB,1.2222222222222223
IND184121AAA → IND184104AAA,1.2216117216117217
IND333028AAA → IND333502AAA,1.221526908635795
IND600056AAB → IND600076AAB,1.21875
IND501359AAE → IND505001AAB,1.2152298850574712
IND201301AAL → IND201307AAA,1.2142857142857144
IND335804AAD → IND335701AAA,1.2132034632034632
IND422011AAD → IND422103AAC,1.2108927108927108
IND303303AAA → IND322230AAA,1.2108333333333334
IND343001AAA → IND343029AAB,1.209090909090909
IND209101AAA → IND209111AAA,1.2086956521739132
IND363641AAA → IND363621AAB,1.2062937062937062
IND312601AAA → IND458664AAA,1.205128205128205
IND673027AAB → IND673104AAA,1.2037037037037037
IND413709AAA → IND423601AAA,1.2023809523809523
